,Mkt-RF,SMB,HML,RMW,CMA,RF,Mom,ST_Rev
2011-01-03,0.0118,0.0057,0.0072,-0.0043,0.0018,0.0,-0.0001,-0.0008
2011-01-04,-0.0026,-0.013,-0.0002,0.0001,0.0002,0.0,-0.0058,0.0002
2011-01-05,0.006,0.0062,0.0012,-0.0044,0.0004,0.0,0.0011,-0.0039
2011-01-06,-0.0015,-0.0012,-0.0033,-0.0011,-0.0011,0.0,-0.0051,-0.0029
2011-01-07,-0.0021,-0.0026,-0.0021,0.0018,-0.0015,0.0,0.0036,0.0015
2011-01-10,-0.0002,0.0047,-0.0014,-0.0041,0.0008,0.0,0.0068,0.0014
2011-01-11,0.0039,0.0011,0.0019,-0.0026,0.0009,0.0,-0.0022,0.0004
2011-01-12,0.0087,-0.0003,0.0021,-0.0035,0.0032,0.0,-0.0031,0.0004
2011-01-13,-0.0018,0.0013,-0.0033,0.0052,0.001,0.0,0.0031,0.0002
2011-01-14,0.0069,0.0004,0.006,-0.0071,0.0014,0.0,-0.0019,-0.0052
2011-01-18,0.0018,-0.0001,-0.0053,0.0038,-0.0013,0.0,-0.0031,-0.0006
2011-01-19,-0.0124,-0.0135,-0.0049,0.0092,-0.0045,0.0,-0.0014,0.0107
2011-01-20,-0.0029,-0.0093,0.0058,0.0061,0.0034,0.0,-0.0126,0.0061
2011-01-21,0.0011,-0.0084,0.0056,-0.0013,0.0033,0.0,-0.0015,-0.0063
2011-01-24,0.0066,0.0019,-0.0023,-0.0018,0.0035,0.0,0.0019,-0.0006
2011-01-25,0.0002,0.0001,0.0013,0.0034,-0.0012,0.0,-0.0016,0.0012
2011-01-26,0.006,0.0135,-0.0022,-0.0024,0.0011,0.0,0.0125,0.0039
2011-01-27,0.0027,-0.0005,0.0036,-0.0015,0.0003,0.0,0.0003,-0.0034
2011-01-28,-0.0188,-0.0081,-0.0007,0.001,-0.0037,0.0,-0.0017,0.0012
2011-01-31,0.0072,0.0002,-0.0029,-0.0033,0.0007,0.0,0.0063,-0.0028
2011-02-01,0.0175,0.0055,0.005,-0.003,0.0016,0.0,0.0051,-0.002
2011-02-02,-0.0026,-0.001,-0.0037,-0.0007,-0.0004,0.0,-0.0002,-0.0038
2011-02-03,0.0026,-0.0001,-0.0003,0.0012,0.0031,0.0,0.0007,0.0034
2011-02-04,0.0029,-0.0005,-0.0043,-0.0022,-0.0003,0.0,0.0003,0.0013
2011-02-07,0.007,0.0031,0.0056,-0.0032,0.0023,0.0,0.0025,0.0013
2011-02-08,0.0048,0.0023,-0.0002,0.0009,0.001,0.0,0.0013,0.0032
2011-02-09,-0.0031,-0.002,-0.0004,0.0032,-0.0012,0.0,-0.0005,0.0007
2011-02-10,0.0012,0.0032,-0.0035,-0.0016,0.0008,0.0,0.0079,-0.005
2011-02-11,0.0067,0.0039,0.0045,-0.0037,0.0038,0.0,0.0045,-0.0005
2011-02-14,0.003,0.0025,-0.0014,-0.001,-0.0007,0.0,0.0053,-0.0034
2011-02-15,-0.0038,-0.003,0.0025,0.0015,-0.0011,0.0,-0.0029,0.0047
2011-02-16,0.0068,0.0039,0.0018,-0.0015,0.0028,0.0,0.0014,-0.0041
2011-02-17,0.0037,0.0034,0.0022,-0.0043,0.0031,0.0,0.0014,-0.0046
2011-02-18,0.0012,-0.0009,0.0005,0.0017,-0.0002,0.0,-0.005,0.0014
2011-02-22,-0.0219,-0.0051,-0.0022,0.0074,-0.0055,0.0,-0.0081,0.008
2011-02-23,-0.0078,-0.0107,0.0039,-0.0012,-0.0019,0.0,-0.0022,-0.0019
2011-02-24,0.0004,0.0064,-0.0036,-0.0023,-0.0016,0.0,0.0037,-0.0004
2011-02-25,0.0122,0.0097,0.0024,-0.0072,0.0047,0.0,0.0067,-0.0016
2011-02-28,0.0042,-0.0041,0.0028,-0.0022,-0.0019,0.0,-0.0021,-0.0023
2011-03-01,-0.0158,-0.0029,-0.0005,0.0042,-0.0046,0.0,-0.0023,0.0033
2011-03-02,0.0028,0.0027,-0.0025,-0.0004,0.0021,0.0,0.0054,-0.0002
2011-03-03,0.0176,0.0046,-0.0005,-0.0032,0.0011,0.0,0.008,0.0004
2011-03-04,-0.0067,0.0025,-0.0053,0.0018,-0.0021,0.0,0.0033,-0.0037
2011-03-07,-0.0096,-0.0065,0.0009,0.0036,-0.0024,0.0,-0.0033,-0.0009
2011-03-08,0.0097,0.0053,0.0063,-0.0006,0.0031,0.0,-0.0042,0.006
2011-03-09,-0.0018,-0.0021,0.0032,0.005,-0.0026,0.0,-0.008,-0.0006
2011-03-10,-0.0193,-0.0072,-0.003,0.0067,-0.0057,0.0,-0.0076,0.0014
2011-03-11,0.0069,-0.0032,0.0013,-0.0032,0.0022,0.0,0.0032,0.0013
2011-03-14,-0.0059,0.0008,-0.0039,0.0016,-0.0003,0.0,0.0029,-0.0013
2011-03-15,-0.0105,0.0027,-0.0014,0.0034,0.0,0.0,0.0024,0.0024
2011-03-16,-0.0177,0.0063,-0.0011,-0.0004,0.0019,0.0,-0.0005,-0.0037
2011-03-17,0.0112,-0.0076,0.0057,-0.0029,0.0015,0.0,0.0058,-0.0019
2011-03-18,0.0049,0.006,0.0009,0.0006,0.0032,0.0,-0.0047,0.0018
2011-03-21,0.0158,0.0085,-0.0017,-0.0039,0.0,0.0,0.0125,0.0055
2011-03-22,-0.0034,-0.0007,-0.0005,0.0014,-0.0023,0.0,-0.0018,-0.0038
2011-03-23,0.0031,0.0013,-0.0047,0.0008,0.0009,0.0,0.0049,0.0003
2011-03-24,0.0096,-0.0019,-0.004,-0.0026,0.0034,0.0,0.0027,0.0018
2011-03-25,0.0041,0.0046,-0.0002,0.0011,0.0003,0.0,0.0062,-0.0029
2011-03-28,-0.0035,0.0007,-0.0026,0.0035,-0.0016,0.0,-0.0015,-0.0005
2011-03-29,0.0073,0.0021,-0.0023,-0.0017,0.0016,0.0,0.0053,-0.0017
2011-03-30,0.0079,0.0045,0.0007,0.0003,0.0008,0.0,0.0023,0.0006
2011-03-31,-0.0011,0.0056,-0.0028,0.0015,-0.0007,0.0,0.0022,0.0
2011-04-01,0.0052,-0.0008,0.0021,0.0013,0.0008,0.0,0.0002,-0.0011
2011-04-04,0.0009,0.0024,-0.0015,0.0016,-0.0006,0.0,0.0016,-0.0038
2011-04-05,0.0008,0.0048,-0.0026,0.0011,0.003,0.0,-0.0006,-0.0015
2011-04-06,0.002,-0.0014,0.0057,-0.0015,0.0019,0.0,-0.0121,0.0113
2011-04-07,-0.002,-0.0021,-0.002,0.0023,-0.0014,0.0,-0.0007,0.0
2011-04-08,-0.0047,-0.0053,-0.0025,0.0009,-0.0021,0.0,0.0008,-0.0008
2011-04-11,-0.0039,-0.0061,-0.0008,0.0042,-0.0025,0.0,-0.0053,0.0069
2011-04-12,-0.0084,-0.0065,0.0006,0.0051,-0.0017,0.0,-0.0071,0.0064
2011-04-13,0.0011,0.0007,-0.0069,-0.0006,-0.0015,0.0,0.0091,-0.0012
2011-04-14,0.0,0.0032,-0.0023,-0.0003,-0.0018,0.0,0.0029,-0.0036
2011-04-15,0.0044,0.0051,-0.0008,-0.0002,0.0029,0.0,0.0019,-0.0044
2011-04-18,-0.0115,-0.0039,-0.0028,0.0027,-0.0031,0.0,-0.0037,0.0011
2011-04-19,0.0051,-0.0035,-0.0025,0.0002,0.0023,0.0,0.0034,0.0012
2011-04-20,0.0146,0.0049,-0.0051,-0.0038,0.0006,0.0,0.0069,0.0
2011-04-21,0.0056,0.0032,-0.0006,-0.0004,0.0008,0.0,0.0079,-0.0015
2011-04-25,-0.0015,-0.0004,-0.0004,0.0007,-0.0028,0.0,-0.0019,0.0001
2011-04-26,0.0089,0.0006,-0.0003,-0.0026,0.0043,0.0,-0.0037,0.0024
2011-04-27,0.0066,-0.0007,-0.0025,0.0019,-0.0034,0.0,-0.001,-0.0044
2011-04-28,0.0032,-0.0009,0.0016,0.0001,-0.0023,0.0,-0.0023,0.0012
2011-04-29,0.0029,0.002,-0.0003,-0.0022,-0.0016,0.0,0.0066,0.004
2011-05-02,-0.0028,-0.009,-0.0016,0.0047,-0.003,0.0,-0.0065,-0.0034
2011-05-03,-0.005,-0.0092,0.0033,0.0055,-0.0002,0.0,-0.0132,-0.0013
2011-05-04,-0.0074,-0.0057,-0.0007,0.0055,-0.0032,0.0,-0.0086,-0.004
2011-05-05,-0.0082,0.0046,-0.0034,0.0026,0.0022,0.0,-0.0028,-0.0027
2011-05-06,0.0045,0.0007,-0.0013,-0.0025,-0.001,0.0,0.0054,-0.0005
2011-05-09,0.0055,0.0066,-0.0048,-0.0001,-0.0004,0.0,0.0118,0.0024
2011-05-10,0.0086,0.0068,0.0028,0.0003,-0.0007,0.0,0.0006,-0.002
2011-05-11,-0.0109,-0.0064,-0.0038,0.0067,-0.0042,0.0,-0.0108,-0.0073
2011-05-12,0.0052,0.003,-0.004,0.0005,-0.0008,0.0,-0.0022,-0.0058
2011-05-13,-0.0088,-0.0048,-0.0027,0.0025,-0.002,0.0,-0.0009,-0.0043
2011-05-16,-0.0077,-0.0097,0.0043,0.0017,0.0005,0.0,-0.0071,-0.0015
2011-05-17,-0.0011,-0.0037,0.0007,0.0006,-0.0028,0.0,-0.004,-0.0001
2011-05-18,0.0102,0.0062,-0.0029,-0.0034,0.0024,0.0,0.0115,0.0066
2011-05-19,0.0022,-0.0002,-0.0007,0.0015,-0.0008,0.0,0.0029,-0.003
2011-05-20,-0.0073,0.0003,-0.0015,-0.0022,0.0,0.0,0.003,0.0024
2011-05-23,-0.0129,-0.0052,0.0002,0.0031,-0.003,0.0,-0.0058,-0.0057
2011-05-24,-0.0015,-0.0027,-0.0003,0.0011,-0.0001,0.0,0.0033,0.0049
2011-05-25,0.0045,0.0099,-0.0034,-0.0045,0.0017,0.0,0.0119,0.0095
2011-05-26,0.0052,0.0067,-0.0012,-0.0007,0.0002,0.0,0.0052,0.0029
2011-05-27,0.0049,0.002,0.0023,-0.0017,0.0014,0.0,0.0011,0.0051
2011-05-31,0.0104,0.0038,-0.0004,-0.0019,-0.0002,0.0,0.0027,0.0033
2011-06-01,-0.0233,-0.0074,-0.0025,0.006,-0.0067,0.0,-0.0025,-0.009
2011-06-02,-0.001,-0.0004,0.0014,-0.0046,-0.0008,0.0,0.0002,0.0023
2011-06-03,-0.011,-0.0049,0.0012,0.0016,-0.0006,0.0,-0.0016,-0.003
2011-06-06,-0.0118,-0.0036,-0.0026,0.0051,-0.0021,0.0,-0.0067,-0.0009
2011-06-07,-0.0005,0.0032,-0.0014,-0.0008,-0.0002,0.0,0.0052,-0.0021
2011-06-08,-0.0054,-0.0066,0.0007,0.0057,-0.0038,0.0,-0.0026,-0.0078
2011-06-09,0.0075,0.0,-0.0003,0.0006,0.0015,0.0,0.0044,0.0049
2011-06-10,-0.0137,-0.0018,0.0038,-0.0005,-0.0012,0.0,-0.006,-0.0004
2011-06-13,0.0001,-0.0043,0.0035,0.0033,-0.0047,0.0,-0.0059,0.0018
2011-06-14,0.0136,0.0096,-0.0036,0.0015,0.003,0.0,0.0092,0.0086
2011-06-15,-0.0171,-0.0004,-0.0013,0.0034,-0.0027,0.0,-0.0045,-0.0014
2011-06-16,0.0013,-0.0001,0.0053,0.0037,-0.0013,0.0,-0.0081,-0.0011
2011-06-17,0.0025,-0.0037,0.0066,-0.0002,0.0017,0.0,-0.0024,-0.001
2011-06-20,0.0058,0.0035,-0.0005,0.0016,-0.0001,0.0,0.005,-0.0002
2011-06-21,0.0152,0.0094,-0.004,-0.0029,0.0017,0.0,0.0113,0.0143
2011-06-22,-0.0062,-0.0012,0.0002,-0.0009,0.0012,0.0,0.0021,0.0006
2011-06-23,-0.0014,0.0059,-0.0077,0.0023,-0.0006,0.0,0.0045,0.0017
2011-06-24,-0.0111,0.0048,0.0011,0.0013,-0.0026,0.0,-0.003,-0.0046
2011-06-27,0.0089,0.001,-0.0003,0.0019,-0.0029,0.0,0.0021,0.0029
2011-06-28,0.0136,0.0038,-0.0046,-0.0015,-0.0004,0.0,0.012,0.0025
2011-06-29,0.0077,-0.0062,0.0063,-0.0039,0.0042,0.0,-0.0001,0.0078
2011-06-30,0.0099,0.0009,-0.0028,0.0004,0.0035,0.0,0.0039,0.0043
2011-07-01,0.0145,0.0,0.0013,0.0005,0.0016,0.0,0.0033,0.0003
2011-07-05,-0.0007,0.002,-0.0085,0.0043,-0.0052,0.0,0.0124,-0.0008
2011-07-06,0.0017,0.0036,-0.0058,0.0029,-0.0001,0.0,0.0034,-0.0009
2011-07-07,0.011,0.0047,0.0016,-0.0018,-0.0033,0.0,-0.0026,0.0015
2011-07-08,-0.0067,0.0,-0.0042,0.0033,-0.0012,0.0,0.0036,-0.0001
2011-07-11,-0.019,-0.0013,-0.0033,0.0078,0.0003,0.0,-0.0014,0.0049
2011-07-12,-0.0045,0.0005,0.0041,0.0012,0.0023,0.0,-0.0058,0.0012
2011-07-13,0.0045,0.0055,-0.0014,-0.002,-0.0014,0.0,0.0034,-0.0056
2011-07-14,-0.0081,-0.0078,0.0012,0.0029,0.0016,0.0,-0.002,0.0007
2011-07-15,0.0057,0.0007,-0.005,0.0011,-0.0063,0.0,0.0053,-0.0064
2011-07-18,-0.0094,-0.0055,-0.0042,0.0063,-0.0038,0.0,0.0034,-0.0056
2011-07-19,0.0171,0.0055,-0.0065,0.0016,-0.0034,0.0,0.0045,-0.0074
2011-07-20,-0.001,-0.0022,0.0079,-0.0006,0.0044,0.0,-0.0058,0.006
2011-07-21,0.0129,-0.003,0.011,-0.0047,0.003,0.0,-0.0056,0.0066
2011-07-22,0.001,-0.0013,-0.0069,-0.001,-0.006,0.0,0.0026,-0.0008
2011-07-25,-0.0068,-0.0055,0.0015,0.0026,-0.0013,0.0,-0.0016,-0.0033
2011-07-26,-0.0047,-0.0032,0.0032,0.0007,-0.0017,0.0,-0.0054,0.0019
2011-07-27,-0.0215,-0.0072,0.004,0.0059,0.0037,0.0,-0.0061,0.0002
2011-07-28,-0.0031,0.0011,0.0001,-0.0015,-0.0036,0.0,0.0011,-0.0005
2011-07-29,-0.0057,0.0025,0.0007,-0.0019,0.0023,0.0,0.0012,0.0027
2011-08-01,-0.004,-0.0012,0.0015,0.0002,-0.0006,0.0,0.0001,-0.007
2011-08-02,-0.0268,-0.0044,0.0018,0.0018,-0.0021,0.0,-0.0084,-0.0068
2011-08-03,0.0059,0.002,-0.0037,0.0016,-0.0024,0.0,-0.0006,0.0047
2011-08-04,-0.0503,-0.0076,0.0037,0.0096,0.0003,0.0,-0.0136,-0.0119
2011-08-05,-0.0036,-0.0115,-0.0062,0.012,0.0012,0.0,-0.005,-0.0109
2011-08-08,-0.0696,-0.0151,-0.0162,0.0179,-0.004,0.0,-0.0112,-0.0354
2011-08-09,0.0497,0.0093,0.0073,-0.018,-0.0001,0.0,0.0157,0.0317
2011-08-10,-0.043,-0.0058,-0.0161,0.0149,-0.0045,0.0,0.0146,-0.006
2011-08-11,0.0472,0.0031,0.008,-0.0084,-0.0006,0.0,0.0058,0.0201
2011-08-12,0.0054,-0.0033,-0.0151,0.0058,-0.0032,0.0,0.0117,0.012
2011-08-15,0.0225,0.0046,0.0102,-0.0116,0.003,0.0,-0.0023,0.0199
2011-08-16,-0.0107,-0.008,-0.0014,0.0066,0.0035,0.0,-0.0068,-0.0102
2011-08-17,-0.0001,-0.0025,0.0065,-0.0002,0.0043,0.0,-0.006,-0.0045
2011-08-18,-0.0464,-0.0094,0.0054,0.009,0.0046,0.0,-0.0201,-0.0314
2011-08-19,-0.0154,0.0011,-0.0036,0.0022,0.0008,0.0,-0.0058,-0.015
2011-08-22,-0.0003,0.0004,-0.009,0.006,-0.0003,0.0,-0.0001,-0.0096
2011-08-23,0.036,0.0116,-0.0079,-0.0018,-0.0064,0.0,0.021,0.0162
2011-08-24,0.0135,-0.0007,0.01,-0.0047,0.0055,0.0,-0.0032,0.0108
2011-08-25,-0.0167,-0.0091,0.0049,-0.0009,0.0005,0.0,-0.0043,0.0034
2011-08-26,0.0174,0.0079,-0.01,0.0007,-0.0052,0.0,0.0132,0.0124
2011-08-29,0.0311,0.0152,0.0093,-0.0127,0.0037,0.0,0.0005,0.0281
2011-08-30,0.0032,0.0026,-0.0078,0.0027,-0.0006,0.0,0.0073,0.0016
2011-08-31,0.0042,-0.0074,0.0048,-0.0013,-0.0006,0.0,-0.0035,0.0074
2011-09-01,-0.0133,-0.0108,-0.0078,0.0061,-0.0017,0.0,0.0061,-0.0084
2011-09-02,-0.0264,-0.0082,-0.0075,0.0062,-0.0008,0.0,0.0037,-0.0154
2011-09-06,-0.0072,0.0038,-0.0064,0.0022,-0.0013,0.0,0.0109,-0.0101
2011-09-07,0.0306,0.009,0.0103,-0.0129,0.001,0.0,-0.0139,0.0101
2011-09-08,-0.0118,-0.0079,-0.0061,0.0044,-0.0019,0.0,0.0075,-0.0079
2011-09-09,-0.0265,-0.0019,-0.0004,0.0025,-0.0001,0.0,0.0017,0.0011
2011-09-12,0.0068,0.0,0.0037,-0.0047,-0.0016,0.0,-0.0015,-0.0017
2011-09-13,0.0112,0.0073,-0.0037,-0.0017,-0.0006,0.0,0.0007,0.0036
2011-09-14,0.0145,0.0036,-0.0038,-0.0008,-0.0022,0.0,0.0005,0.0045
2011-09-15,0.0164,-0.0052,0.0057,-0.0034,0.0009,0.0,-0.006,0.0073
2011-09-16,0.0047,-0.0039,-0.0033,0.0022,-0.0011,0.0,0.0056,-0.0055
2011-09-19,-0.0099,-0.0054,-0.0125,0.0112,-0.0027,0.0,0.0185,-0.0065
2011-09-20,-0.0045,-0.0143,0.002,0.0023,0.0022,0.0,0.003,0.0001
2011-09-21,-0.0292,-0.0045,-0.0124,0.0051,-0.0036,0.0,0.0107,-0.0048
2011-09-22,-0.0329,0.0017,0.0045,0.0055,0.0051,0.0,0.0026,-0.0098
2011-09-23,0.0074,0.007,-0.0002,-0.0023,0.0017,0.0,-0.0087,0.0043
2011-09-26,0.0228,-0.0054,0.0128,-0.0061,0.0006,0.0,-0.0106,0.0155
2011-09-27,0.0122,0.01,-0.0063,-0.0001,-0.0019,0.0,0.0005,0.0118
2011-09-28,-0.0229,-0.0167,-0.0024,0.0075,0.0001,0.0,0.0036,-0.0207
2011-09-29,0.0077,0.0065,0.0211,-0.0085,0.0077,0.0,-0.0181,0.0043
2011-09-30,-0.025,-0.0015,-0.0021,0.0047,0.0016,0.0,0.0067,-0.0182
2011-10-03,-0.0318,-0.0199,-0.0058,0.011,0.0003,0.0,0.0118,-0.0264
2011-10-04,0.0268,0.0361,0.0044,-0.0089,-0.0022,0.0,-0.016,0.0206
2011-10-05,0.0192,-0.0029,-0.0045,-0.0063,-0.0036,0.0,-0.0044,0.0237
2011-10-06,0.0194,0.0023,0.006,-0.0042,0.0015,0.0,-0.0106,0.022
2011-10-07,-0.0097,-0.0132,-0.0147,0.0139,0.0,0.0,0.0178,-0.0084
2011-10-10,0.0344,0.0054,0.0062,-0.0053,-0.002,0.0,-0.005,0.0143
2011-10-11,0.0015,0.0063,-0.0012,-0.0001,-0.0022,0.0,-0.0033,0.005
2011-10-12,0.0107,0.005,0.0094,-0.0069,0.0021,0.0,-0.0131,0.0052
2011-10-13,-0.0021,0.0017,-0.0126,0.0036,-0.0031,0.0,0.0089,0.0036
2011-10-14,0.0172,0.0016,-0.0033,-0.0002,-0.0057,0.0,0.002,0.0072
2011-10-17,-0.0206,-0.0129,-0.005,0.0065,-0.0004,0.0,0.009,-0.0012
2011-10-18,0.0211,0.007,0.0167,-0.0148,0.0041,0.0,-0.0206,0.0049
2011-10-19,-0.0138,-0.0073,0.0032,0.0033,0.0053,0.0,0.0047,-0.001
2011-10-20,0.0042,-0.0022,0.0075,-0.0024,0.0021,0.0,-0.0048,-0.0021
2011-10-21,0.0192,0.0016,0.0008,-0.0024,0.0002,0.0,-0.0047,-0.0056
2011-10-24,0.0158,0.0171,-0.0035,-0.0045,-0.0052,0.0,-0.0137,0.0004
2011-10-25,-0.0213,-0.0085,-0.0032,0.0076,0.0004,0.0,0.0099,0.0094
2011-10-26,0.0112,0.007,0.0076,-0.0068,0.0032,0.0,-0.0065,-0.007
2011-10-27,0.0354,0.0145,0.0091,-0.016,-0.001,0.0,-0.0266,-0.0148
2011-10-28,-0.0002,-0.0052,-0.0054,-0.0015,-0.0026,0.0,-0.004,0.0005
2011-10-31,-0.025,0.0002,-0.0087,0.0108,0.0018,0.0,0.0227,0.0249
2011-11-01,-0.0286,-0.0056,-0.0113,0.0098,0.0,0.0,0.0183,0.0178
2011-11-02,0.0173,0.0077,0.0094,-0.0063,-0.0005,0.0,-0.0097,-0.0114
2011-11-03,0.0197,0.0059,-0.0014,-0.0007,-0.0005,0.0,-0.0041,-0.0061
2011-11-04,-0.0053,-0.0004,-0.0062,0.0011,-0.0002,0.0,-0.0012,-0.0047
2011-11-07,0.0048,-0.0067,0.0039,0.0024,0.0038,0.0,-0.0006,0.0033
2011-11-08,0.0122,0.0003,0.0051,-0.0019,-0.0005,0.0,-0.0046,-0.0015
2011-11-09,-0.0378,-0.0081,-0.0069,0.0103,0.0028,0.0,0.0186,0.0157
2011-11-10,0.0083,0.0007,0.0054,0.0012,0.0049,0.0,-0.0009,-0.0044
2011-11-11,0.0198,0.0051,-0.0018,-0.0006,-0.0017,0.0,-0.0037,-0.0037
2011-11-14,-0.0092,-0.0048,-0.0087,0.0045,-0.0024,0.0,0.0084,-0.0015
2011-11-15,0.0056,0.0085,-0.0025,0.0013,-0.002,0.0,0.0037,-0.0021
2011-11-16,-0.0164,-0.0017,-0.0016,0.0011,0.0008,0.0,0.0036,-0.0013
2011-11-17,-0.0165,0.0022,0.0015,0.0028,0.004,0.0,0.0119,0.0089
2011-11-18,-0.0008,0.0008,0.0089,0.0,0.0059,0.0,-0.0009,-0.0003
2011-11-21,-0.0186,-0.0053,-0.0004,0.001,-0.0005,0.0,0.0089,0.0012
2011-11-22,-0.0042,-0.0035,-0.0055,0.0019,-0.0026,0.0,0.0094,-0.0013
2011-11-23,-0.0227,-0.007,-0.0028,0.0066,0.0015,0.0,0.0072,0.0015
2011-11-25,-0.0034,-0.0099,0.005,-0.0022,0.0036,0.0,-0.0003,-0.003
2011-11-28,0.0311,0.0152,-0.0062,-0.0063,-0.0054,0.0,-0.0038,0.0154
2011-11-29,0.0018,-0.0053,0.0011,0.0035,0.0034,0.0,0.0058,-0.0057
2011-11-30,0.0444,0.0113,0.0113,-0.0119,-0.0002,0.0,-0.0203,0.0239
2011-12-01,-0.0022,-0.0053,-0.0065,0.0033,-0.002,0.0,0.0028,0.0062
2011-12-02,0.0005,0.0055,0.0063,-0.0039,0.0028,0.0,-0.0059,0.0089
2011-12-05,0.011,0.003,0.0025,-0.0067,-0.0043,0.0,-0.0092,0.0089
2011-12-06,0.0005,-0.0007,0.0005,0.0007,0.0021,0.0,0.0007,-0.0002
2011-12-07,0.0016,-0.0022,0.0075,0.0004,0.0042,0.0,-0.0046,-0.001
2011-12-08,-0.0223,-0.0078,-0.0102,0.0097,0.0,0.0,0.0178,-0.0045
2011-12-09,0.0183,0.0132,0.0014,-0.0033,-0.0022,0.0,-0.0065,0.0018
2011-12-12,-0.0148,0.0005,-0.0048,0.0066,0.0026,0.0,0.0103,-0.0045
2011-12-13,-0.0105,-0.0099,0.0008,0.0027,0.0012,0.0,0.0115,-0.0082
2011-12-14,-0.0121,-0.0028,0.0091,-0.0009,0.0073,0.0,0.0017,-0.0084
2011-12-15,0.004,0.0067,0.0014,0.003,0.0057,0.0,0.0028,-0.0071
2011-12-16,0.0046,0.0028,-0.0005,0.0011,-0.0013,0.0,0.0034,0.002
2011-12-19,-0.013,-0.0047,-0.0072,0.0077,-0.0009,0.0,0.0179,-0.0072
2011-12-20,0.031,0.008,0.0034,-0.0078,-0.0014,0.0,-0.0117,0.0098
2011-12-21,0.002,0.0004,0.0127,-0.002,0.0094,0.0,-0.0012,-0.0058
2011-12-22,0.0083,-0.0018,0.0063,-0.0081,-0.0003,0.0,-0.0183,0.0051
2011-12-23,0.0084,-0.0056,-0.0012,0.003,-0.0001,0.0,0.0037,0.0027
2011-12-27,0.0004,0.0047,-0.0055,0.0042,-0.0025,0.0,0.01,0.0
2011-12-28,-0.0134,-0.007,-0.0007,0.0023,0.0026,0.0,0.0085,0.0005
2011-12-29,0.011,0.0024,0.0029,-0.0019,0.0009,0.0,-0.0065,-0.0014
2011-12-30,-0.0041,-0.0008,-0.002,-0.0003,0.0003,0.0,-0.0065,0.0059
2012-01-03,0.015,-0.0012,0.009,-0.0074,-0.0019,0.0,-0.0258,0.0117
2012-01-04,0.0,-0.0061,0.0001,0.0033,-0.0004,0.0,0.0012,-0.0004
2012-01-05,0.0039,0.0019,0.0018,-0.004,0.0004,0.0,-0.0061,0.0003
2012-01-06,-0.0019,-0.0003,-0.003,0.0,-0.0007,0.0,-0.0008,-0.0017
2012-01-09,0.0028,0.0026,-0.0007,-0.0023,0.0024,0.0,-0.0035,0.0003
2012-01-10,0.0097,0.0036,0.0039,-0.0082,-0.0001,0.0,-0.0111,0.001
2012-01-11,0.0013,0.0016,0.0031,-0.0081,0.0023,0.0,-0.0133,-0.0003
2012-01-12,0.0031,0.0026,0.0003,-0.0022,0.0007,0.0,-0.0055,-0.0026
2012-01-13,-0.0052,-0.0023,-0.0043,0.0063,0.0008,0.0,0.0107,0.0032
2012-01-17,0.0036,-0.0012,-0.0075,0.0061,-0.0033,0.0,0.0078,0.0018
2012-01-18,0.0121,0.0058,0.0019,-0.0067,-0.0014,0.0,-0.0173,-0.0078
2012-01-19,0.0051,-0.0014,-0.0022,-0.0016,-0.0023,0.0,-0.0114,-0.0005
2012-01-20,0.0003,0.0029,0.0064,0.0,0.0008,0.0,-0.0061,0.0005
2012-01-23,0.0002,-0.0023,0.0017,0.0028,-0.0039,0.0,-0.0044,0.0013
2012-01-24,0.0,0.0073,-0.0031,-0.0042,-0.002,0.0,-0.0026,-0.0037
2012-01-25,0.0091,0.0007,-0.0077,0.0028,-0.0019,0.0,-0.0004,-0.0003
2012-01-26,-0.006,0.0022,-0.0045,0.0025,-0.0003,0.0,0.0024,0.0028
2012-01-27,0.0001,0.0081,-0.0013,-0.0032,-0.0017,0.0,-0.0058,-0.0046
2012-01-30,-0.0031,-0.0047,-0.0029,0.0046,0.0003,0.0,0.0072,0.0052
2012-01-31,-0.0005,-0.0003,0.0003,-0.0006,-0.0018,0.0,0.0025,-0.001
2012-02-01,0.011,0.0108,0.0036,-0.005,0.0028,0.0,-0.0082,-0.0079
2012-02-02,0.0017,0.0037,0.0003,-0.0048,0.0,0.0,-0.0051,0.0002
2012-02-03,0.0158,0.0061,0.0038,-0.007,-0.0023,0.0,-0.0149,-0.0114
2012-02-06,-0.0005,-0.0026,-0.0023,-0.0001,-0.0022,0.0,-0.0028,0.0021
2012-02-07,0.0016,-0.0027,-0.0008,0.0015,0.0001,0.0,0.0031,0.0044
2012-02-08,0.0025,-0.001,0.0046,-0.0019,0.0003,0.0,-0.0047,-0.0031
2012-02-09,0.0015,-0.0039,-0.0031,0.0023,0.0004,0.0,0.0028,-0.0039
2012-02-10,-0.0075,-0.0059,-0.0006,0.0029,0.0014,0.0,0.0102,0.0022
2012-02-13,0.0075,0.0058,-0.0008,-0.002,0.0001,0.0,0.002,-0.0039
2012-02-14,-0.0009,-0.0038,-0.0035,0.0053,-0.002,0.0,0.0061,-0.0008
2012-02-15,-0.005,-0.0027,0.001,-0.0011,0.0004,0.0,-0.0044,0.0037
2012-02-16,0.0127,0.0068,0.0034,-0.003,-0.0016,0.0,-0.0095,0.0006
2012-02-17,0.0016,-0.0026,0.005,0.0008,0.003,0.0,-0.0013,0.0061
2012-02-21,-0.0005,-0.0061,0.0028,0.0018,-0.0032,0.0,0.0013,0.0001
2012-02-22,-0.0039,-0.0038,-0.0063,0.0046,-0.0015,0.0,0.006,-0.0005
2012-02-23,0.0056,0.0092,-0.0002,-0.0044,0.0021,0.0,-0.0016,0.0006
2012-02-24,0.0015,-0.0047,-0.0064,0.0023,-0.0021,0.0,0.0018,-0.0014
2012-02-27,0.0014,-0.0015,0.0036,0.0005,0.0009,0.0,0.0011,-0.0008
2012-02-28,0.0028,-0.0059,-0.0013,0.0017,-0.0004,0.0,0.0022,0.0004
2012-02-29,-0.0055,-0.0105,0.0015,0.0019,0.0032,0.0,0.0065,0.0001
2012-03-01,0.0064,-0.0017,0.0005,-0.0003,-0.0007,0.0,-0.0032,-0.0048
2012-03-02,-0.0046,-0.0124,-0.0006,0.0016,0.0032,0.0,0.0036,-0.0021
2012-03-05,-0.004,0.0047,0.0029,0.0017,0.0036,0.0,0.0123,0.0003
2012-03-06,-0.0162,-0.0032,-0.0035,0.0052,-0.0018,0.0,0.011,-0.0015
2012-03-07,0.008,0.003,0.0029,-0.0038,0.0006,0.0,-0.0044,0.0022
2012-03-08,0.0107,0.0035,-0.0024,-0.0018,0.0004,0.0,-0.001,0.0025
2012-03-09,0.0049,0.0089,0.0018,-0.0024,-0.0001,0.0,-0.0036,0.0002
2012-03-12,-0.0007,-0.0021,-0.0004,0.0027,0.0007,0.0,0.0078,-0.004
2012-03-13,0.0186,0.0016,0.0096,-0.0071,-0.0007,0.0,-0.0121,0.0016
2012-03-14,-0.0023,-0.0063,-0.0019,0.0041,0.0013,0.0,0.0038,-0.0063
2012-03-15,0.0067,0.003,0.0052,-0.0055,0.0013,0.0,-0.0115,0.003
2012-03-16,0.0006,-0.0029,0.0039,-0.0044,-0.0019,0.0,-0.0084,0.0046
2012-03-19,0.0041,0.0051,-0.0004,-0.0014,-0.0034,0.0,0.0012,-0.0006
2012-03-20,-0.0039,-0.0061,0.003,0.0006,0.0012,0.0,0.0009,-0.006
2012-03-21,-0.001,0.0028,-0.0041,0.0013,0.0009,0.0,0.0029,-0.0031
2012-03-22,-0.0074,-0.0013,-0.0046,0.0058,-0.0003,0.0,0.0123,-0.0079
2012-03-23,0.0039,0.0058,0.0037,-0.0035,-0.0022,0.0,-0.0052,0.0067
2012-03-26,0.0145,0.0048,-0.0022,0.0011,-0.0017,0.0,0.0005,-0.0002
2012-03-27,-0.003,-0.0038,-0.0033,0.0005,-0.0008,0.0,0.0045,-0.0022
2012-03-28,-0.0052,-0.0001,0.0049,-0.0026,0.004,0.0,0.0047,-0.0084
2012-03-29,-0.0017,-0.0005,-0.0026,0.0017,0.0012,0.0,0.0011,0.0047
2012-03-30,0.0028,-0.0067,-0.0004,-0.0003,0.0013,0.0,-0.0015,0.0039
2012-04-02,0.0078,0.0036,0.0006,0.0016,-0.0032,0.0,-0.0001,0.0021
2012-04-03,-0.0034,-0.0032,-0.0028,0.0017,0.0019,0.0,0.0097,-0.0037
2012-04-04,-0.0111,-0.006,-0.0004,0.003,0.0035,0.0,0.0085,0.0028
2012-04-05,-0.0003,-0.0011,-0.0042,0.0024,-0.0018,0.0,0.0091,-0.0035
2012-04-09,-0.0121,-0.0044,-0.0009,0.0053,0.0016,0.0,0.0072,-0.0025
2012-04-10,-0.0185,-0.0043,0.0008,0.0024,0.0007,0.0,0.0018,0.0004
2012-04-11,0.0085,0.0078,0.0028,-0.0033,0.0016,0.0,-0.0035,-0.0025
2012-04-12,0.0143,0.0005,0.003,-0.0053,-0.0017,0.0,-0.0133,0.0119
2012-04-13,-0.0125,-0.0019,-0.0075,0.0073,0.0011,0.0,0.0138,-0.0036
2012-04-16,-0.0009,0.002,0.008,-0.0019,0.0042,0.0,-0.0004,-0.0002
2012-04-17,0.0155,0.0004,-0.0022,-0.0013,-0.0035,0.0,-0.0042,0.0061
2012-04-18,-0.0042,-0.0048,-0.0045,0.0038,-0.001,0.0,0.0059,-0.0062
2012-04-19,-0.0057,-0.0003,0.0024,-0.0027,0.0028,0.0,-0.005,0.0025
2012-04-20,0.0011,0.0051,-0.0009,0.0037,0.0064,0.0,0.0107,-0.0062
2012-04-23,-0.0095,-0.005,0.0015,0.0007,-0.0003,0.0,0.0009,0.0035
2012-04-24,0.0029,0.0029,0.0091,-0.0062,0.007,0.0,-0.0056,0.002
2012-04-25,0.0144,0.0037,-0.0098,0.0027,-0.0074,0.0,0.0042,0.0148
2012-04-26,0.0075,-0.0003,-0.0003,-0.0024,-0.0021,0.0,0.0004,0.0045
2012-04-27,0.0035,0.007,-0.0027,0.0014,-0.0018,0.0,0.0034,-0.0026
2012-04-30,-0.0048,-0.006,0.0,-0.0001,-0.0014,0.0,-0.0025,-0.0023
2012-05-01,0.0048,-0.0077,0.0039,-0.0005,0.0006,0.0,-0.0057,0.0029
2012-05-02,-0.0015,0.0069,-0.0066,0.0043,0.0027,0.0,0.0116,-0.0032
2012-05-03,-0.0092,-0.0063,0.0,0.0042,0.0031,0.0,0.0093,-0.0035
2012-05-04,-0.0162,-0.0024,0.0018,0.0015,0.0016,0.0,0.0025,-0.0046
2012-05-07,0.0005,0.0015,0.0044,-0.0037,0.0029,0.0,-0.0001,-0.0022
2012-05-08,-0.0041,0.0033,0.0032,0.0011,0.0024,0.0,0.0017,-0.0013
2012-05-09,-0.0063,0.0013,-0.0022,-0.0002,-0.0009,0.0,0.0011,-0.0006
2012-05-10,0.003,0.0009,0.0056,-0.0012,0.0052,0.0,0.0079,-0.0063
2012-05-11,-0.0029,0.0012,-0.0105,0.0002,-0.0004,0.0,0.0056,-0.007
2012-05-14,-0.0114,-0.0015,-0.0017,0.001,0.0007,0.0,0.0025,-0.0057
2012-05-15,-0.0052,0.0051,-0.0018,0.0035,0.0002,0.0,0.0117,-0.0054
2012-05-16,-0.0045,-0.0017,-0.0045,0.0068,0.0026,0.0,0.009,-0.0099
2012-05-17,-0.0164,-0.005,0.0039,0.001,-0.0005,0.0,-0.0012,-0.0058
2012-05-18,-0.008,-0.0016,0.0007,0.0013,0.0035,0.0,0.0061,-0.0023
2012-05-21,0.0171,0.0054,-0.011,-0.0026,-0.0064,0.0,-0.0061,0.0122
2012-05-22,0.0001,-0.0084,0.0038,-0.0013,0.0001,0.0,0.0044,0.0011
2012-05-23,0.0026,0.005,-0.0024,-0.0002,-0.0011,0.0,-0.004,0.0029
2012-05-24,0.0016,0.0002,0.002,0.0037,0.0056,0.0,0.0075,-0.0073
2012-05-25,-0.0015,0.0024,-0.0013,0.0018,0.0012,0.0,-0.0054,0.0024
2012-05-29,0.0116,0.0017,0.0,-0.0036,-0.0006,0.0,-0.0077,0.0096
2012-05-30,-0.0146,-0.0029,-0.0032,0.0061,-0.0004,0.0,0.0121,-0.0097
2012-05-31,-0.0023,0.002,0.0054,-0.0016,0.0024,0.0,0.0017,-0.0047
2012-06-01,-0.026,-0.0057,0.0005,0.002,0.0005,0.0,-0.0001,-0.0123
2012-06-04,-0.0005,0.0012,-0.0059,0.0031,-0.0042,0.0,0.0044,-0.0059
2012-06-05,0.0068,0.0026,0.0019,-0.0063,-0.0003,0.0,-0.0098,0.014
2012-06-06,0.0232,0.001,0.0027,-0.0045,-0.0011,0.0,-0.0099,0.0147
2012-06-07,-0.0009,-0.0046,0.0021,0.0008,0.0024,0.0,0.0042,-0.0004
2012-06-08,0.0085,0.0022,0.0005,-0.0009,0.001,0.0,0.0036,0.0
2012-06-11,-0.0141,-0.0082,-0.001,0.0047,0.0033,0.0,0.0097,-0.0117
2012-06-12,0.0116,0.0014,0.001,-0.003,0.0001,0.0,-0.0037,0.0047
2012-06-13,-0.0077,-0.0042,0.0026,0.0024,0.0008,0.0,0.0028,-0.007
2012-06-14,0.0104,0.0022,0.0033,-0.0009,0.0038,0.0,0.0003,-0.0012
2012-06-15,0.0106,0.001,-0.0003,-0.0022,-0.0044,0.0,-0.0073,0.0049
2012-06-18,0.0021,0.0011,-0.0087,0.0021,-0.0016,0.0,0.0077,-0.0013
2012-06-19,0.0109,0.0069,0.0028,-0.0042,-0.0033,0.0,-0.0111,0.0055
2012-06-20,-0.0014,-0.0008,0.0016,0.0003,-0.0005,0.0,-0.0043,-0.0023
2012-06-21,-0.0226,-0.002,0.0017,0.0019,0.0067,0.0,0.013,-0.0051
2012-06-22,0.0079,0.0063,0.0017,-0.0027,-0.0009,0.0,-0.0019,-0.0018
2012-06-25,-0.0163,0.0009,-0.0027,0.0048,0.0021,0.0,0.0114,-0.0068
2012-06-26,0.0052,-0.001,0.0002,-0.002,0.0002,0.0,0.004,-0.0031
2012-06-27,0.0093,0.0042,0.0043,-0.0053,-0.0001,0.0,-0.0092,0.0017
2012-06-28,-0.0024,0.002,0.0033,0.0018,0.005,0.0,-0.0056,0.0028
2012-06-29,0.0255,0.003,-0.0062,-0.0029,-0.0058,0.0,-0.0116,0.0095
2012-07-02,0.0033,0.0071,-0.0005,-0.0021,0.002,0.0,0.0083,-0.0049
2012-07-03,0.0076,0.0067,0.0008,0.0017,-0.0061,0.0,-0.0128,0.0046
2012-07-05,-0.0036,0.0044,-0.0084,0.0057,-0.0027,0.0,0.0065,0.0076
2012-07-06,-0.0099,-0.0034,0.0038,0.0014,0.0065,0.0,0.0107,-0.0045
2012-07-09,-0.0023,-0.0023,-0.0023,0.0024,-0.0002,0.0,0.0107,-0.0034
2012-07-10,-0.0084,-0.0036,0.0032,0.0005,0.0026,0.0,0.0096,-0.0028
2012-07-11,-0.0009,-0.0028,0.0078,-0.0012,0.0006,0.0,-0.0049,-0.0019
2012-07-12,-0.005,0.0015,-0.0069,-0.0016,0.0008,0.0,0.009,-0.0031
2012-07-13,0.0162,-0.003,0.0058,-0.0017,0.0,0.0,-0.0028,0.0
2012-07-16,-0.0031,-0.0038,-0.0021,0.0003,-0.0002,0.0,0.0032,-0.0047
2012-07-17,0.0067,-0.0054,0.0027,-0.0011,0.0017,0.0,-0.0016,-0.0017
2012-07-18,0.0071,0.0019,-0.0083,0.0039,-0.0071,0.0,-0.0035,0.0124
2012-07-19,0.0027,-0.0049,-0.0092,0.0035,-0.008,0.0,-0.0037,0.0131
2012-07-20,-0.0106,-0.0037,0.0007,-0.0006,0.0033,0.0,0.0029,-0.0064
2012-07-23,-0.0101,-0.0067,0.0019,0.0008,0.0037,0.0,0.0051,-0.0006
2012-07-24,-0.0099,-0.0056,0.0029,-0.0028,0.0004,0.0,0.0094,-0.0009
2012-07-25,-0.0001,0.0025,-0.0001,-0.0047,0.0005,0.0,-0.0019,0.0058
2012-07-26,0.0154,-0.0081,0.0034,0.0008,0.0025,0.0,-0.0064,-0.0039
2012-07-27,0.0196,0.0055,0.0006,-0.002,-0.0038,0.0,-0.0096,0.0017
2012-07-30,-0.0012,-0.0041,0.0023,0.0021,0.0031,0.0,0.0006,0.0022
2012-07-31,-0.0047,-0.0001,0.0018,0.0053,0.0001,0.0,-0.0014,0.0023
2012-08-01,-0.0051,-0.0155,0.0036,0.0007,0.0015,0.0,-0.0001,-0.0011
2012-08-02,-0.0069,0.0019,-0.0036,-0.0007,0.0003,0.0,0.0123,0.0014
2012-08-03,0.0199,0.0062,0.0051,-0.0025,-0.0017,0.0,-0.0073,0.0087
2012-08-06,0.0034,0.0057,0.0001,-0.0035,-0.0016,0.0,-0.0087,0.0043
2012-08-07,0.0064,0.0039,0.0009,0.0004,-0.0054,0.0,-0.014,0.0027
2012-08-08,0.0009,-0.0018,0.0063,0.0019,0.0042,0.0,-0.0015,0.0011
2012-08-09,0.0012,0.0033,0.0005,-0.0017,-0.0039,0.0,-0.0079,0.0
2012-08-10,0.0017,-0.0036,-0.0004,0.0013,0.0007,0.0,-0.0024,0.001
2012-08-13,-0.0014,-0.0018,0.0002,-0.0013,0.0004,0.0,0.0048,0.0013
2012-08-14,-0.0003,-0.0044,-0.0004,0.0032,0.0021,0.0,0.0074,0.0021
2012-08-15,0.0027,0.0072,-0.0006,-0.0011,-0.0009,0.0,-0.0019,0.0026
2012-08-16,0.0074,0.0046,-0.0014,-0.0006,-0.0021,0.0,-0.006,-0.0027
2012-08-17,0.0027,0.0061,0.0011,-0.0003,-0.0014,0.0,0.0008,-0.0018
2012-08-20,-0.0006,-0.0044,0.0056,-0.0018,0.0014,0.0,-0.0013,0.0028
2012-08-21,-0.0031,0.0018,0.0043,-0.0002,-0.0005,0.0,-0.0059,-0.0006
2012-08-22,0.0,-0.005,-0.0034,-0.0026,-0.0032,0.0,0.0038,0.0019
2012-08-23,-0.0078,-0.0006,-0.0035,-0.0016,0.001,0.0,0.0048,0.003
2012-08-24,0.0061,-0.0029,-0.0001,-0.0011,0.0017,0.0,0.0023,0.0024
2012-08-27,-0.0006,0.0012,-0.0011,0.0002,-0.0017,0.0,0.0057,0.0001
2012-08-28,0.0001,0.0056,-0.0012,-0.0005,-0.0002,0.0,0.0008,-0.0005
2012-08-29,0.0015,0.0027,0.0008,-0.0021,0.0011,0.0,0.0006,0.0002
2012-08-30,-0.008,-0.0043,-0.0004,0.0003,0.0024,0.0,0.0043,0.003
2012-08-31,0.0052,-0.001,-0.0002,-0.0012,-0.0027,0.0,-0.0042,-0.0027
2012-09-04,0.0008,0.0095,-0.002,-0.0023,0.0007,0.0,0.0074,-0.0012
2012-09-05,-0.0005,-0.0007,0.0037,-0.0012,0.0007,0.0,-0.0043,0.0038
2012-09-06,0.0207,-0.0006,0.0033,-0.0015,0.0011,0.0,-0.0064,0.0032
2012-09-07,0.0045,0.0007,0.0075,-0.0004,0.0008,0.0,-0.0138,-0.001
2012-09-10,-0.0057,0.0032,-0.0008,0.0019,0.0034,0.0,-0.0016,0.006
2012-09-11,0.0028,0.0007,0.0052,-0.0007,0.002,0.0,-0.0063,0.0011
2012-09-12,0.0027,0.0014,0.0028,-0.0043,0.0,0.0,-0.0006,-0.0027
2012-09-13,0.0156,-0.0032,0.0053,-0.0031,0.0001,0.0,-0.0029,-0.0027
2012-09-14,0.0054,0.0055,0.0046,-0.0011,-0.0037,0.0,-0.0117,-0.0098
2012-09-17,-0.0042,-0.0029,-0.0072,0.0018,-0.002,0.0,0.0081,0.0085
2012-09-18,-0.0015,-0.0004,-0.0021,0.0,0.0006,0.0,0.0017,0.0031
2012-09-19,0.0018,-0.0016,0.0004,-0.0013,0.0028,0.0,0.0042,-0.0013
2012-09-20,-0.0013,-0.0043,-0.0012,0.0012,0.0016,0.0,0.0017,0.0006
2012-09-21,0.0004,0.0047,-0.0002,-0.0019,0.0016,0.0,0.0029,-0.0031
2012-09-24,-0.0026,-0.0013,0.0036,-0.0009,0.0041,0.0,0.0013,0.0049
2012-09-25,-0.0111,-0.0037,-0.0034,0.0005,0.0032,0.0,0.0062,0.0019
2012-09-26,-0.0057,-0.0005,0.0002,0.0016,0.0012,0.0,-0.0037,0.0018
2012-09-27,0.0099,0.0021,-0.0013,-0.0014,-0.0032,0.0,0.0037,-0.0005
2012-09-28,-0.0046,-0.0029,-0.0022,0.0003,0.0001,0.0,-0.0008,-0.0004
2012-10-01,0.0025,0.0011,0.0022,0.0005,0.0014,0.0,-0.0009,-0.0045
2012-10-02,0.001,-0.0015,0.0023,-0.0017,0.0005,0.0,0.0009,0.0004
2012-10-03,0.0036,-0.0067,-0.0004,-0.004,0.0037,0.0,0.012,0.0015
2012-10-04,0.0076,-0.0008,0.007,-0.0016,0.0022,0.0,-0.0028,-0.0004
2012-10-05,-0.0003,-0.0016,0.0022,-0.0011,0.0064,0.0,0.0017,-0.0014
2012-10-08,-0.0036,-0.0019,0.0019,0.0006,0.001,0.0,-0.0045,0.0008
2012-10-09,-0.0105,-0.0025,0.0033,0.0017,0.0008,0.0,-0.0039,0.0018
2012-10-10,-0.0058,0.004,0.0029,-0.004,0.0027,0.0,0.0048,-0.0012
2012-10-11,0.0011,0.0034,0.0062,-0.002,0.0012,0.0,-0.0083,0.0002
2012-10-12,-0.0035,-0.004,-0.0088,0.0048,-0.0022,0.0,0.0012,0.0004
2012-10-15,0.0079,-0.0019,0.0013,-0.0019,0.0028,0.0,0.002,-0.0014
2012-10-16,0.01,-0.0027,-0.0021,0.0019,-0.0058,0.0,-0.0027,0.0079
2012-10-17,0.0049,0.0024,0.0106,-0.0058,0.0039,0.0,0.0016,0.0001
2012-10-18,-0.0031,-0.0051,0.0024,-0.0015,0.0042,0.0,-0.0027,-0.0032
2012-10-19,-0.0168,-0.0035,0.0046,-0.0013,0.0044,0.0,0.0027,-0.0032
2012-10-22,0.0,-0.0009,0.0018,0.0013,-0.0016,0.0,0.0011,0.002
2012-10-23,-0.0129,0.0092,-0.005,-0.0002,-0.0003,0.0,-0.0026,0.0033
2012-10-24,-0.0028,-0.0016,0.0041,-0.0042,0.002,0.0,0.0095,0.0005
2012-10-25,0.0027,0.0025,0.0003,0.0004,-0.0009,0.0,-0.0061,0.0053
2012-10-26,-0.0007,-0.002,-0.0044,0.0031,-0.002,0.0,-0.0001,0.0031
2012-10-31,0.0013,0.0056,0.0037,0.0008,0.0013,0.0,-0.002,-0.0051
2012-11-01,0.0119,0.0021,0.0015,0.0023,0.0003,0.0,-0.0081,-0.0013
2012-11-02,-0.0104,-0.005,0.0027,0.0028,0.0049,0.0,0.0004,-0.0011
2012-11-05,0.0028,0.0037,-0.0022,-0.0015,-0.0021,0.0,-0.0008,0.0033
2012-11-06,0.008,0.0003,0.0054,0.0024,0.002,0.0,-0.0048,-0.0023
2012-11-07,-0.0231,-0.0021,-0.0134,0.0019,0.0002,0.0,0.0056,0.0012
2012-11-08,-0.0124,-0.0023,0.0043,-0.0029,0.004,0.0,0.0009,-0.002
2012-11-09,0.0015,0.0,-0.001,0.0004,-0.0008,0.0,0.0028,0.0032
2012-11-12,0.0,-0.0016,0.0002,0.0009,0.0,0.0,0.0001,-0.0019
2012-11-13,-0.0039,-0.0022,-0.0028,-0.0001,0.0024,0.0,0.0054,-0.0017
2012-11-14,-0.014,-0.0037,-0.0018,0.0011,-0.0027,0.0,-0.0053,0.0004
2012-11-15,-0.0024,-0.0033,0.0022,0.0014,0.0004,0.0,-0.0052,0.0027
2012-11-16,0.0057,0.0004,0.0004,-0.0036,0.0019,0.0,0.0084,0.002
2012-11-19,0.0198,0.0023,-0.0005,0.0044,-0.0017,0.0,0.0023,0.0095
2012-11-20,0.0011,-0.0006,0.0016,-0.0038,0.0017,0.0,0.0082,-0.0035
2012-11-21,0.0031,0.0034,-0.0015,-0.0005,0.0007,0.0,-0.0021,0.0003
2012-11-23,0.0128,-0.0014,0.0008,0.0013,-0.0002,0.0,-0.0023,0.0009
2012-11-26,-0.0014,0.005,-0.0019,-0.0019,-0.003,0.0,0.0004,0.0039
2012-11-27,-0.0043,0.004,-0.002,0.0,0.0002,0.0,-0.0027,-0.0005
2012-11-28,0.0083,0.0002,-0.003,0.0029,-0.0016,0.0,-0.0028,-0.0009
2012-11-29,0.0054,0.0069,0.0002,-0.0019,-0.0018,0.0,0.0004,0.0031
2012-11-30,0.0002,-0.0017,0.0028,-0.0017,0.0031,0.0,0.0007,0.0027
2012-12-03,-0.0046,0.0029,0.0026,-0.0001,0.0006,0.0,0.0009,-0.0003
2012-12-04,-0.0016,0.0036,-0.0003,0.0003,0.0005,0.0,-0.0052,0.0002
2012-12-05,0.0017,-0.006,0.0088,-0.005,0.0063,0.0,-0.009,0.0071
2012-12-06,0.0031,-0.0017,-0.0013,0.0015,-0.0017,0.0,-0.0004,0.0018
2012-12-07,0.0028,-0.0033,0.0029,-0.0005,0.004,0.0,-0.0031,-0.0008
2012-12-10,0.0011,0.0042,-0.0004,-0.0007,-0.0001,0.0,-0.0031,-0.0018
2012-12-11,0.0068,0.004,-0.0006,-0.0034,-0.0024,0.0,-0.0029,0.0018
2012-12-12,-0.0002,-0.0064,0.0052,-0.003,0.0018,0.0,-0.0019,0.0033
2012-12-13,-0.0057,0.001,0.0008,0.0012,0.0016,0.0,-0.0021,0.0008
2012-12-14,-0.0034,0.0031,0.0025,-0.0015,0.0035,0.0,-0.0047,-0.0049
2012-12-17,0.0116,0.0,0.0061,-0.0044,0.0003,0.0,0.0074,0.0002
2012-12-18,0.0121,0.0038,0.0006,0.0012,-0.006,0.0,-0.0041,-0.0012
2012-12-19,-0.006,0.0061,0.0026,-0.0001,-0.0026,0.0,-0.0008,-0.0028
2012-12-20,0.0053,-0.0015,0.0074,-0.0044,0.002,0.0,0.0019,-0.0023
2012-12-21,-0.0088,0.0046,-0.0028,0.0023,-0.0015,0.0,-0.0021,0.0022
2012-12-24,-0.0024,-0.0021,-0.0003,-0.0013,0.0016,0.0,0.0041,0.0012
2012-12-26,-0.0054,-0.0013,0.0033,-0.001,0.0019,0.0,-0.0042,-0.0042
2012-12-27,-0.0011,-0.0003,-0.0014,0.0017,-0.0004,0.0,0.0029,0.0038
2012-12-28,-0.01,0.0048,0.0002,-0.001,0.001,0.0,0.0036,0.0014
2012-12-31,0.0171,0.0036,-0.0011,0.001,-0.0025,0.0,0.0022,0.0009
2013-01-02,0.0262,0.001,0.0041,-0.0067,-0.0001,0.0,0.002,-0.0017
2013-01-03,-0.0013,0.0014,0.0005,0.0022,0.0024,0.0,-0.0044,0.003
2013-01-04,0.0055,0.0019,0.0037,-0.0036,0.0023,0.0,-0.0037,-0.006
2013-01-07,-0.0031,-0.0012,-0.0035,-0.0015,-0.0017,0.0,0.0019,-0.0005
2013-01-08,-0.0026,0.0004,0.0,-0.0014,0.0007,0.0,0.0085,0.0038
2013-01-09,0.0035,0.0024,-0.004,-0.0005,-0.0018,0.0,0.0007,-0.0018
2013-01-10,0.0066,-0.0059,0.0051,-0.0018,0.0007,0.0,-0.0021,-0.0011
2013-01-11,0.0001,0.0006,-0.0044,0.002,-0.0019,0.0,-0.0019,0.0017
2013-01-14,-0.0007,0.0004,-0.0007,-0.0008,0.0034,0.0,-0.0026,-0.0004
2013-01-15,0.0018,0.0029,0.0001,-0.0007,0.0008,0.0,-0.003,-0.0016
2013-01-16,-0.0006,-0.0025,0.0024,-0.0002,-0.0002,0.0,0.0021,0.002
2013-01-17,0.0061,0.0038,-0.0011,0.0018,0.0,0.0,-0.0019,0.0
2013-01-18,0.0028,0.0005,-0.0011,0.0018,0.0026,0.0,0.0005,0.0003
2013-01-22,0.0049,0.0021,0.0045,-0.0021,0.0012,0.0,-0.0022,-0.0003
2013-01-23,0.0009,-0.0036,-0.0009,-0.0015,-0.0011,0.0,0.004,0.005
2013-01-24,0.0009,0.0036,0.0004,0.0002,0.0049,0.0,-0.0084,-0.0064
2013-01-25,0.0058,-0.0014,-0.0031,-0.0019,-0.0014,0.0,-0.0017,-0.0053
2013-01-28,-0.0014,0.0037,0.0016,-0.0001,-0.0001,0.0,-0.0034,0.0029
2013-01-29,0.0036,-0.0044,0.0032,-0.0012,0.003,0.0,0.0004,0.0056
2013-01-30,-0.0038,-0.0086,0.0016,-0.001,0.0,0.0,0.0013,0.0005
2013-01-31,-0.0007,0.007,0.0016,-0.0021,0.0005,0.0,-0.0036,0.0021
2013-02-01,0.0099,0.0008,0.0023,-0.0027,-0.0006,0.0,0.003,0.0022
2013-02-04,-0.0119,-0.001,-0.0018,0.0002,-0.0001,0.0,0.0,-0.0004
2013-02-05,0.0107,-0.0005,0.0016,-0.0002,-0.0008,0.0,0.0014,0.0024
2013-02-06,0.0015,0.0031,0.0014,-0.0017,0.0004,0.0,-0.0032,0.001
2013-02-07,-0.0016,-0.0007,0.0002,0.0017,0.0,0.0,-0.0013,-0.0008
2013-02-08,0.0058,0.0004,-0.0018,0.0011,-0.0044,0.0,-0.0017,-0.0025
2013-02-11,-0.0008,-0.0002,0.0038,-0.0018,0.003,0.0,-0.0003,0.0019
2013-02-12,0.0016,0.0025,0.0074,-0.0053,0.0046,0.0,0.0,-0.001
2013-02-13,0.0014,0.0007,0.0003,-0.0004,-0.0002,0.0,0.0015,-0.0045
2013-02-14,0.0011,0.0027,0.0014,-0.0032,-0.0019,0.0,-0.0006,-0.0047
2013-02-15,-0.0011,0.0001,-0.0007,-0.0002,0.0017,0.0,0.0041,0.0006
2013-02-19,0.0074,0.0027,0.0017,-0.0006,0.0034,0.0,-0.0004,-0.0038
2013-02-20,-0.0136,-0.0059,-0.0061,0.0029,0.001,0.0,-0.0002,0.0064
2013-02-21,-0.0066,-0.0029,-0.0004,0.0007,0.0028,0.0,-0.0005,-0.0005
2013-02-22,0.0094,0.0022,-0.0003,-0.0016,-0.001,0.0,0.0023,0.0019
2013-02-25,-0.0182,-0.0024,-0.0073,0.0063,-0.0039,0.0,-0.0013,-0.0015
2013-02-26,0.0058,-0.0017,0.0004,0.0003,0.0021,0.0,0.004,0.0018
2013-02-27,0.0129,-0.0032,0.0015,-0.0018,0.0,0.0,0.0051,0.0024
2013-02-28,-0.0006,0.001,-0.0014,0.0003,-0.0002,0.0,0.003,-0.002
2013-03-01,0.0022,0.0013,-0.003,-0.001,-0.0002,0.0,0.0097,-0.0052
2013-03-04,0.0047,-0.0034,0.001,-0.0037,0.0042,0.0,0.0121,-0.01
2013-03-05,0.01,0.0016,-0.0016,0.0006,0.0,0.0,0.001,0.0016
2013-03-06,0.0018,0.0014,0.0047,-0.0014,0.0016,0.0,-0.0028,0.0033
2013-03-07,0.0027,0.0022,0.0043,-0.0019,-0.0001,0.0,-0.0041,0.0062
2013-03-08,0.0052,0.0038,-0.0017,0.0001,0.0001,0.0,-0.0002,0.0011
2013-03-11,0.003,-0.0027,0.0026,0.0003,0.0004,0.0,-0.0025,0.0019
2013-03-12,-0.0022,0.0002,-0.0017,0.0025,0.0007,0.0,-0.002,0.0015
2013-03-13,0.002,0.0024,0.001,0.0014,0.0026,0.0,0.0007,-0.0022
2013-03-14,0.0058,0.004,0.0041,-0.0007,0.0001,0.0,-0.0044,0.0007
2013-03-15,-0.0019,0.0012,0.0041,0.0025,0.0003,0.0,-0.0059,0.0023
2013-03-18,-0.005,0.0012,-0.0029,0.0033,-0.0002,0.0,-0.0001,0.0001
2013-03-19,-0.0023,-0.0004,0.0001,0.0008,0.0039,0.0,0.0029,-0.0028
2013-03-20,0.0076,0.002,-0.0001,-0.0027,0.0022,0.0,0.0041,-0.001
2013-03-21,-0.0085,0.0014,-0.0027,-0.0002,0.0008,0.0,0.0008,0.0003
2013-03-22,0.0062,-0.0048,-0.0025,0.0016,-0.0012,0.0,0.0017,-0.0003
2013-03-25,-0.0029,0.0032,0.0003,0.0015,-0.0003,0.0,-0.0002,-0.0018
2013-03-26,0.0076,-0.004,-0.0022,0.0009,-0.0008,0.0,0.0043,-0.0003
2013-03-27,-0.0002,0.001,-0.0029,0.0009,-0.0011,0.0,0.0016,0.0008
2013-03-28,0.0039,-0.0031,-0.0029,-0.0024,0.0006,0.0,0.0049,-0.0021
2013-04-01,-0.0057,-0.0089,0.0001,0.0007,0.0023,0.0,0.0035,0.0007
2013-04-02,0.0033,-0.0089,-0.0028,-0.0008,0.0001,0.0,0.0033,-0.0011
2013-04-03,-0.0116,-0.0039,-0.0012,0.0055,-0.0013,0.0,-0.0063,0.0036
2013-04-04,0.0042,0.0025,0.0026,-0.0008,0.0029,0.0,0.0016,0.0005
2013-04-05,-0.0041,0.0008,0.0033,-0.0011,0.0026,0.0,0.0015,0.0005
2013-04-08,0.007,0.0011,0.0027,-0.0034,0.0013,0.0,0.0026,0.0016
2013-04-09,0.0031,-0.0042,0.0018,-0.0002,-0.0037,0.0,-0.0038,0.0045
2013-04-10,0.0128,0.0063,-0.001,-0.001,-0.0006,0.0,-0.0003,0.0031
2013-04-11,0.0035,-0.002,-0.0018,0.0013,0.0044,0.0,0.0047,-0.0017
2013-04-12,-0.0028,-0.0014,-0.0045,0.0,0.0004,0.0,0.0024,-0.0057
2013-04-15,-0.0248,-0.0144,-0.0029,0.001,-0.0006,0.0,-0.0022,-0.0104
2013-04-16,0.0147,0.0015,0.0009,-0.0035,-0.0007,0.0,0.0077,0.0018
2013-04-17,-0.0146,-0.0033,-0.0053,0.0011,0.0026,0.0,0.0032,-0.0133
2013-04-18,-0.007,0.0021,-0.0003,0.006,0.0012,0.0,-0.0023,-0.0023
2013-04-19,0.0097,0.0008,0.0011,-0.0031,0.0018,0.0,0.0126,-0.0078
2013-04-22,0.0045,-0.0019,-0.0012,0.0026,-0.0027,0.0,-0.0004,0.0012
2013-04-23,0.0111,0.0054,0.0061,-0.005,0.0026,0.0,0.0012,0.0055
2013-04-24,0.0006,0.0048,0.0116,-0.0008,-0.0018,0.0,-0.0088,0.013
2013-04-25,0.0049,0.0019,-0.001,-0.0002,-0.0009,0.0,-0.0025,-0.0004
2013-04-26,-0.002,-0.0037,-0.0023,0.001,0.001,0.0,-0.0006,0.0011
2013-04-29,0.0067,0.0007,-0.001,0.0023,-0.0034,0.0,-0.0059,0.0063
2013-04-30,0.0029,0.0036,-0.0001,0.0021,-0.0032,0.0,-0.0083,0.0028
2013-05-01,-0.0108,-0.0145,-0.0018,-0.0004,-0.0011,0.0,-0.0002,-0.0019
2013-05-02,0.0104,0.0055,0.001,-0.0052,-0.0025,0.0,0.0039,0.0019
2013-05-03,0.0112,0.0059,0.0019,-0.002,-0.0027,0.0,-0.0037,0.0049
2013-05-06,0.0023,0.0026,0.0084,-0.0056,0.0008,0.0,-0.0006,-0.0001
2013-05-07,0.0054,0.0018,0.0015,0.0024,0.0023,0.0,0.0016,0.0051
2013-05-08,0.0044,-0.002,0.0014,-0.0003,-0.0016,0.0,-0.0058,0.0033
2013-05-09,-0.0031,0.0005,-0.0025,-0.0001,-0.0022,0.0,0.0003,0.0002
2013-05-10,0.0054,0.004,-0.0017,-0.0028,-0.0002,0.0,0.0016,-0.0011
2013-05-13,-0.0002,-0.0023,-0.0003,-0.0042,0.0009,0.0,0.0038,-0.0014
2013-05-14,0.011,0.0018,0.0025,-0.0023,0.0013,0.0,0.0046,-0.0045
2013-05-15,0.0051,-0.001,0.0023,-0.0004,0.0033,0.0,0.0047,0.0
2013-05-16,-0.0051,0.0016,-0.0024,0.0013,-0.0035,0.0,-0.008,0.0021
2013-05-17,0.0104,0.0007,0.0033,0.0007,-0.0019,0.0,-0.0008,-0.0075
2013-05-20,-0.0006,0.0041,0.0047,0.0026,-0.0022,0.0,-0.01,-0.0062
2013-05-21,0.0016,-0.0009,-0.0007,0.0023,0.002,0.0,-0.0001,0.0034
2013-05-22,-0.0092,-0.007,-0.0014,0.0028,0.0034,0.0,0.0008,0.0051
2013-05-23,-0.0019,0.0048,-0.001,-0.0003,0.0006,0.0,0.001,0.0
2013-05-24,-0.0006,0.0017,0.0008,-0.0007,0.0002,0.0,0.0014,0.0006
2013-05-28,0.0077,0.0067,0.0023,-0.0017,-0.0016,0.0,0.0044,-0.0093
2013-05-29,-0.007,-0.0024,0.0056,-0.0027,-0.003,0.0,-0.0059,-0.0057
2013-05-30,0.005,0.0038,0.0048,-0.005,0.0001,0.0,0.0015,-0.0043
2013-05-31,-0.0132,0.0048,-0.0026,0.002,-0.0014,0.0,-0.0023,0.0002
2013-06-03,0.0049,0.0014,0.001,0.0027,-0.0005,0.0,-0.0037,0.0015
2013-06-04,-0.0055,-0.0026,-0.0018,0.0037,-0.0006,0.0,-0.0044,0.0035
2013-06-05,-0.0138,0.0006,-0.0028,0.0018,-0.0018,0.0,-0.0051,0.001
2013-06-06,0.0089,0.002,0.002,-0.0052,0.0034,0.0,0.0084,0.0036
2013-06-07,0.013,-0.0044,0.0006,-0.0022,-0.0005,0.0,0.0057,-0.0032
2013-06-10,0.0007,0.0066,0.0021,-0.0031,-0.0015,0.0,0.0012,-0.0038
2013-06-11,-0.0104,-0.0001,-0.0058,0.0045,0.0001,0.0,-0.003,0.0029
2013-06-12,-0.0082,0.0006,-0.0006,0.0029,0.0013,0.0,-0.0035,-0.0023
2013-06-13,0.0147,0.0013,0.0033,-0.002,0.0029,0.0,0.0051,0.0057
2013-06-14,-0.0059,-0.0027,-0.0056,0.0018,-0.0003,0.0,0.0024,0.0037
2013-06-17,0.0073,-0.0006,0.0012,-0.0026,-0.0034,0.0,0.003,-0.0015
2013-06-18,0.008,0.0037,-0.0005,-0.0003,0.0003,0.0,0.0012,0.0021
2013-06-19,-0.0128,0.0019,0.0015,-0.001,-0.003,0.0,0.001,-0.0034
2013-06-20,-0.0245,0.0007,0.0039,0.0005,-0.0011,0.0,-0.0067,-0.0072
2013-06-21,0.0013,0.0023,-0.001,-0.0013,0.0013,0.0,-0.0064,-0.0012
2013-06-24,-0.0119,0.0002,-0.0066,0.0024,-0.0014,0.0,-0.0036,-0.004
2013-06-25,0.0096,0.0005,0.0084,-0.0037,0.0027,0.0,0.0053,0.0041
2013-06-26,0.0092,-0.007,-0.0017,0.0008,0.0017,0.0,0.0063,0.0002
2013-06-27,0.0077,0.0083,0.0037,-0.0046,0.0028,0.0,0.0049,0.0004
2013-06-28,-0.0034,0.0029,-0.0013,0.0015,-0.0028,0.0,-0.0043,-0.0003
2013-07-01,0.0071,0.007,-0.0013,-0.0033,0.0002,0.0,0.0048,0.004
2013-07-02,-0.001,0.0002,0.0007,0.0009,-0.0007,0.0,-0.0009,-0.0011
2013-07-03,0.0012,0.0016,-0.0021,0.0014,-0.0006,0.0,0.0003,-0.0016
2013-07-05,0.0111,0.004,0.0046,-0.0035,0.0017,0.0,0.0057,-0.0081
2013-07-08,0.0053,-0.0014,0.0005,0.0018,0.0007,0.0,0.0021,0.002
2013-07-09,0.0074,0.0005,0.003,0.0,0.0003,0.0,0.0013,0.0047
2013-07-10,0.0006,0.0029,-0.0037,-0.0008,-0.0012,0.0,-0.0036,0.0033
2013-07-11,0.0133,-0.0016,-0.0067,-0.0009,-0.0019,0.0,0.0008,0.0093
2013-07-12,0.0034,-0.0004,0.0021,-0.0068,0.0006,0.0,0.0049,-0.0033
2013-07-15,0.002,0.0054,0.0034,0.0001,0.001,0.0,-0.0013,0.0004
2013-07-16,-0.0041,0.0003,0.0009,0.0014,0.0026,0.0,-0.0062,0.0052
2013-07-17,0.003,-0.0003,0.0019,-0.0044,0.0003,0.0,0.0033,0.0009
2013-07-18,0.0055,0.0012,0.0095,-0.0019,0.002,0.0,0.002,-0.001
2013-07-19,0.0009,-0.0012,0.0027,-0.0034,0.0049,0.0,0.0007,-0.0036
2013-07-22,0.0023,0.0012,0.0033,-0.001,0.0008,0.0,0.0017,-0.0008
2013-07-23,-0.0015,0.0013,0.0031,-0.0006,0.0029,0.0,-0.0025,0.0015
2013-07-24,-0.0039,-0.0029,-0.0028,0.0067,-0.001,0.0,0.0007,0.0014
2013-07-25,0.0042,0.005,-0.004,-0.0046,-0.0027,0.0,-0.0001,-0.0012
2013-07-26,0.0002,-0.0063,-0.0028,0.0015,-0.0021,0.0,0.0002,0.0045
2013-07-29,-0.0037,-0.0032,-0.0031,0.0033,-0.0014,0.0,-0.0043,0.0017
2013-07-30,0.0011,0.0016,-0.005,0.0013,-0.0005,0.0,0.0011,-0.0029
2013-07-31,0.001,0.0019,0.0015,-0.0002,-0.0005,0.0,0.0062,0.0002
2013-08-01,0.014,0.001,0.0008,-0.0017,-0.0016,0.0,0.0062,-0.0031
2013-08-02,0.002,-0.0024,-0.0033,-0.0002,-0.0006,0.0,0.005,0.001
2013-08-05,-0.0007,0.0048,-0.0017,-0.0005,-0.0008,0.0,-0.0012,-0.0013
2013-08-06,-0.0068,-0.0035,-0.001,0.0033,-0.0004,0.0,-0.0042,0.005
2013-08-07,-0.0042,-0.0037,-0.0002,0.0032,0.0006,0.0,-0.0039,-0.001
2013-08-08,0.0047,0.0,0.0004,0.0,0.0016,0.0,0.0011,0.0024
2013-08-09,-0.0029,0.0012,-0.0019,0.0015,-0.0018,0.0,0.0011,-0.0024
2013-08-12,-0.0002,0.0057,-0.0022,0.0016,-0.0008,0.0,-0.0023,-0.0022
2013-08-13,0.002,-0.0029,-0.0005,0.0001,-0.001,0.0,0.0001,-0.0061
2013-08-14,-0.005,0.0013,0.0027,-0.0004,0.0003,0.0,-0.0029,-0.0001
2013-08-15,-0.0147,-0.0037,0.0028,-0.0004,0.0003,0.0,-0.0088,0.002
2013-08-16,-0.0026,0.0005,0.0013,-0.0016,-0.0012,0.0,0.0042,-0.0029
2013-08-19,-0.0062,-0.0026,-0.0074,0.0059,-0.0033,0.0,-0.0018,-0.0008
2013-08-20,0.0052,0.0088,0.0009,-0.0032,0.0007,0.0,0.0048,0.0014
2013-08-21,-0.0059,-0.0007,-0.0043,-0.0008,-0.0031,0.0,0.0025,-0.0013
2013-08-22,0.0092,0.005,0.0007,-0.003,-0.0021,0.0,0.0036,-0.0016
2013-08-23,0.0037,-0.0026,-0.0016,0.0012,-0.0025,0.0,-0.0031,-0.0026
2013-08-26,-0.0029,0.0046,-0.0048,-0.0014,-0.0027,0.0,0.001,-0.0019
2013-08-27,-0.0175,-0.0074,-0.0034,0.0066,0.0003,0.0,-0.0097,0.0079
2013-08-28,0.003,0.0011,0.0009,0.0,-0.0008,0.0,0.003,-0.0001
2013-08-29,0.0034,0.0074,-0.0044,-0.0036,-0.0025,0.0,0.0075,0.0019
2013-08-30,-0.0047,-0.0115,-0.0019,0.0002,-0.0011,0.0,-0.0044,0.0001
2013-09-03,0.0046,0.0005,0.0015,-0.0049,-0.0023,0.0,0.0096,0.001
2013-09-04,0.0083,0.0,-0.0018,-0.0012,0.0006,0.0,0.0046,-0.0001
2013-09-05,0.0019,0.0019,0.004,-0.0017,-0.0006,0.0,0.0008,-0.0004
2013-09-06,0.0,-0.0001,0.0003,-0.0017,-0.0009,0.0,-0.0022,-0.0003
2013-09-09,0.0109,0.0042,-0.0021,-0.0018,-0.0015,0.0,-0.0002,-0.003
2013-09-10,0.008,0.0006,0.002,-0.0012,0.0005,0.0,0.0072,0.0007
2013-09-11,0.0028,-0.0024,0.0003,0.002,0.0014,0.0,-0.0004,0.0038
2013-09-12,-0.0032,-0.0029,-0.0036,0.0016,-0.0012,0.0,0.0005,0.0022
2013-09-13,0.0029,0.0027,-0.0004,0.0015,0.0025,0.0,-0.0003,0.0005
2013-09-16,0.0049,-0.0038,0.004,-0.0001,0.0037,0.0,0.0027,-0.0008
2013-09-17,0.0054,0.0042,-0.0012,-0.0033,-0.0021,0.0,0.0007,-0.0015
2013-09-18,0.011,-0.0023,-0.0047,0.0005,-0.0018,0.0,-0.0054,-0.0011
2013-09-19,-0.0013,0.0009,-0.0062,0.0011,-0.0028,0.0,0.0009,-0.0027
2013-09-20,-0.0063,0.0052,0.0019,-0.001,-0.0016,0.0,0.0032,0.0012
2013-09-23,-0.0045,0.0041,-0.0041,0.0066,-0.0022,0.0,-0.0054,0.0051
2013-09-24,-0.0013,0.005,0.0002,-0.0012,0.0001,0.0,0.0058,-0.0034
2013-09-25,-0.0023,0.0011,0.0058,-0.0041,0.0003,0.0,0.0019,0.0012
2013-09-26,0.0041,0.0014,-0.0073,0.0018,-0.0032,0.0,0.0038,-0.0033
2013-09-27,-0.0039,-0.0002,-0.0001,0.0006,-0.0011,0.0,0.0035,-0.0005
2013-09-30,-0.0049,0.0053,0.0001,0.0012,-0.0001,0.0,0.0022,-0.0005
2013-10-01,0.009,0.0038,-0.001,-0.0011,-0.0023,0.0,0.0047,-0.0039
2013-10-02,-0.001,-0.0034,-0.0007,-0.0009,-0.0009,0.0,-0.0014,-0.0001
2013-10-03,-0.0089,-0.0016,0.0018,0.0003,0.0023,0.0,-0.0011,0.0005
2013-10-04,0.0075,0.0,0.001,-0.0028,-0.0015,0.0,0.0053,-0.0017
2013-10-07,-0.0095,-0.0029,0.0,0.001,0.0016,0.0,-0.0077,0.0042
2013-10-08,-0.0135,-0.004,0.008,0.0059,0.0058,0.0,-0.0109,0.0055
2013-10-09,-0.0005,-0.0035,0.0062,0.0046,0.0034,0.0,-0.0023,0.0032
2013-10-10,0.0222,0.0019,-0.0004,-0.0033,-0.0026,0.0,0.0119,0.001
2013-10-11,0.0071,0.0077,0.0,0.0012,-0.001,0.0,0.0024,-0.0019
2013-10-14,0.0043,0.002,-0.001,0.0008,-0.0013,0.0,0.0026,0.0
2013-10-15,-0.0073,-0.0019,0.0003,0.0025,-0.0015,0.0,0.0008,-0.0034
2013-10-16,0.0137,-0.0031,0.0015,-0.0057,-0.0008,0.0,0.0061,0.0011
2013-10-17,0.007,0.001,-0.0006,-0.0015,0.0004,0.0,0.0021,-0.0031
2013-10-18,0.0072,0.0026,0.0012,-0.0005,-0.0046,0.0,0.0032,-0.0032
2013-10-21,-0.0002,-0.0012,0.0001,0.0028,0.0003,0.0,-0.0015,-0.0026
2013-10-22,0.0051,-0.0028,0.0004,0.0025,0.0035,0.0,-0.0039,0.0047
2013-10-23,-0.0051,0.0017,-0.0032,0.0062,0.002,0.0,-0.0054,0.0036
2013-10-24,0.0042,0.0037,-0.003,-0.0001,-0.0019,0.0,0.0016,0.0003
2013-10-25,0.0033,-0.0032,0.0008,0.0015,0.0003,0.0,-0.0025,0.002
2013-10-28,0.0009,-0.0007,0.0005,0.0036,0.0019,0.0,-0.0057,0.001
2013-10-29,0.0054,-0.0015,-0.0006,0.001,0.0028,0.0,0.0025,0.0006
2013-10-30,-0.0059,-0.0075,0.005,0.0054,0.0007,0.0,-0.0041,-0.0026
2013-10-31,-0.0033,-0.0011,-0.0045,0.0031,0.0017,0.0,0.0039,0.0031
2013-11-01,0.002,-0.0063,0.0022,0.0023,0.0027,0.0,-0.0007,0.0003
2013-11-04,0.0047,0.0075,-0.0006,0.0012,-0.0008,0.0,0.0005,0.0009
2013-11-05,-0.0023,-0.0003,-0.0024,0.0021,-0.0007,0.0,0.0061,0.0007
2013-11-06,0.0027,-0.0081,0.0033,0.0028,0.0019,0.0,-0.0129,0.0016
2013-11-07,-0.0145,-0.003,0.0014,0.0014,0.0031,0.0,-0.0115,0.0059
2013-11-08,0.0146,0.0059,0.0044,-0.0052,-0.0002,0.0,0.013,0.0014
2013-11-11,0.0011,0.0003,-0.0014,0.0001,0.0,0.0,0.0023,0.0013
2013-11-12,-0.0018,0.0036,-0.007,0.0054,0.0013,0.0,-0.0008,-0.0003
2013-11-13,0.009,0.0008,-0.0011,-0.0036,-0.0019,0.0,0.0064,0.0
2013-11-14,0.0042,-0.0059,0.003,-0.0012,0.0002,0.0,-0.0008,-0.0024
2013-11-15,0.0044,0.0008,-0.0029,0.0004,-0.0007,0.0,-0.0006,-0.0001
2013-11-18,-0.0049,-0.0037,0.0046,0.0039,0.0028,0.0,-0.0092,-0.0067
2013-11-19,-0.0027,-0.0026,0.0025,0.0001,0.0,0.0,-0.0049,-0.0017
2013-11-20,-0.0033,0.0028,0.0002,0.0003,-0.0001,0.0,0.0009,-0.0009
2013-11-21,0.0096,0.008,-0.0003,-0.0044,-0.0029,0.0,0.0091,0.0024
2013-11-22,0.0049,-0.0006,0.0007,-0.0007,-0.0006,0.0,0.0048,-0.0013
2013-11-25,-0.0011,0.0017,0.0013,0.0003,0.0024,0.0,-0.0038,-0.0054
2013-11-26,0.0017,0.0079,-0.0041,-0.0035,-0.0039,0.0,0.0064,0.0019
2013-11-27,0.003,0.0032,-0.0004,0.0006,0.0,0.0,-0.0019,-0.0031
2013-11-29,-0.0002,0.0026,-0.0015,-0.0001,-0.0019,0.0,-0.0021,0.001
2013-12-02,-0.0032,-0.0092,0.0014,0.0003,0.0004,0.0,0.0024,-0.0007
2013-12-03,-0.0034,-0.0012,-0.0009,0.0016,-0.0001,0.0,-0.0061,0.0039
2013-12-04,-0.0008,-0.0022,0.0029,-0.0037,-0.0012,0.0,0.0009,0.0024
2013-12-05,-0.0034,0.006,-0.0064,0.0004,-0.0047,0.0,0.003,0.0015
2013-12-06,0.0102,-0.0029,0.0018,-0.0001,0.0047,0.0,0.0024,-0.0008
2013-12-09,0.0017,-0.0041,0.0002,-0.0005,0.0,0.0,-0.0026,-0.0017
2013-12-10,-0.0034,-0.0055,0.0023,-0.0008,-0.0005,0.0,0.0014,-0.0014
2013-12-11,-0.0116,-0.0032,0.0007,0.0052,0.001,0.0,-0.0046,0.0005
2013-12-12,-0.0024,0.004,0.0023,-0.0029,-0.0009,0.0,0.0058,-0.0014
2013-12-13,0.0009,0.0024,0.0001,-0.0026,0.002,0.0,0.0042,-0.0004
2013-12-16,0.0067,0.0058,-0.0013,0.0016,-0.0002,0.0,0.0004,-0.0022
2013-12-17,-0.0025,0.0019,-0.0008,-0.0013,-0.0008,0.0,-0.0013,-0.0011
2013-12-18,0.0155,-0.0042,0.0005,-0.0006,0.0025,0.0,0.0015,0.0021
2013-12-19,-0.001,-0.0051,0.0024,-0.0008,0.0009,0.0,-0.0012,0.0022
2013-12-20,0.0069,0.0126,-0.003,-0.0024,-0.004,0.0,0.004,-0.0019
2013-12-23,0.0062,0.0049,-0.0001,-0.0021,-0.0018,0.0,-0.0012,-0.0049
2013-12-24,0.0034,0.001,0.0009,-0.0005,0.0016,0.0,-0.0018,0.0011
2013-12-26,0.0044,-0.0033,-0.0032,0.0022,0.0008,0.0,0.002,0.0002
2013-12-27,-0.0005,-0.0002,0.0024,0.0008,0.0023,0.0,-0.0084,0.0006
2013-12-30,0.0,0.0002,-0.003,0.0011,0.0007,0.0,-0.0007,0.0012
2013-12-31,0.0043,-0.0017,0.0008,-0.0006,-0.0022,0.0,0.0005,-0.0026
2014-01-02,-0.0088,-0.0025,0.0017,-0.0032,0.0011,0.0,-0.0005,0.0033
2014-01-03,0.0003,0.0041,0.0003,-0.0035,0.0015,0.0,0.0024,0.0003
2014-01-06,-0.0034,-0.0054,0.003,-0.0031,0.0005,0.0,-0.001,0.0005
2014-01-07,0.0068,0.0032,-0.0038,-0.0008,-0.003,0.0,0.0052,0.0012
2014-01-08,0.0004,-0.0001,-0.001,-0.0047,-0.0007,0.0,0.0062,-0.0046
2014-01-09,0.0002,0.0018,-0.0045,-0.0052,-0.0042,0.0,0.0078,-0.0044
2014-01-10,0.0027,0.0045,-0.0081,-0.0028,-0.0036,0.0,-0.0015,-0.0025
2014-01-13,-0.0132,-0.001,0.001,-0.001,0.0046,0.0,-0.0054,0.0028
2014-01-14,0.0115,0.001,-0.003,-0.0009,-0.0035,0.0,0.0056,-0.0022
2014-01-15,0.0053,0.0023,0.0021,-0.0042,-0.0002,0.0,-0.003,-0.0021
2014-01-16,-0.0007,0.0025,-0.007,-0.0002,-0.0027,0.0,-0.0005,-0.0051
2014-01-17,-0.0039,0.0,0.0003,-0.0019,0.0002,0.0,-0.0001,-0.0034
2014-01-21,0.003,0.0043,0.0,-0.0025,-0.0033,0.0,-0.0004,-0.0023
2014-01-22,0.0015,0.0031,0.0021,-0.0017,-0.0018,0.0,0.0029,-0.0018
2014-01-23,-0.0086,0.0009,-0.0052,0.0018,-0.001,0.0,-0.0054,0.0003
2014-01-24,-0.0218,-0.0038,0.0018,0.0022,0.0007,0.0,-0.0099,0.0044
2014-01-27,-0.0065,-0.0078,0.0039,0.0045,0.0039,0.0,-0.0056,0.0039
2014-01-28,0.0073,0.0017,0.0003,-0.0083,0.0015,0.0,0.0082,0.0007
2014-01-29,-0.0107,-0.0033,0.0023,0.0015,0.0013,0.0,-0.0054,-0.0004
2014-01-30,0.0122,0.0021,-0.0038,-0.0088,-0.0053,0.0,0.0127,-0.007
2014-01-31,-0.0066,-0.001,-0.0032,0.0021,-0.0021,0.0,0.0009,-0.0021
2014-02-03,-0.0248,-0.0084,0.0029,0.0022,0.0005,0.0,-0.0084,0.0008
2014-02-04,0.0077,-0.0005,-0.0005,-0.0014,0.0022,0.0,0.0044,0.0019
2014-02-05,-0.0023,-0.0058,0.002,0.0015,0.0024,0.0,-0.0009,0.0034
2014-02-06,0.0122,-0.0042,0.0028,0.0004,-0.0005,0.0,0.0018,0.0056
2014-02-07,0.0133,-0.0023,-0.0065,-0.0042,-0.005,0.0,0.0058,0.0006
2014-02-10,0.0016,0.0006,-0.0047,-0.003,-0.0018,0.0,-0.001,-0.0049
2014-02-11,0.0109,-0.0017,0.0024,0.0001,0.0009,0.0,0.0008,0.0014
2014-02-12,0.0011,0.0025,-0.0005,0.0018,0.0001,0.0,0.0025,-0.0011
2014-02-13,0.0072,0.0067,-0.0008,-0.0019,-0.0033,0.0,0.0036,-0.0003
2014-02-14,0.0042,-0.0033,0.0037,0.0037,0.0034,0.0,-0.0033,0.0027
2014-02-18,0.0027,0.0094,-0.0026,-0.0032,-0.0028,0.0,0.0071,-0.0026
2014-02-19,-0.0073,-0.0033,-0.0044,0.003,0.0001,0.0,-0.0034,-0.0014
2014-02-20,0.0071,0.0053,-0.0021,-0.0007,-0.0023,0.0,0.0049,-0.0042
2014-02-21,-0.0009,0.0035,-0.0003,0.0001,-0.0005,0.0,0.0024,-0.0004
2014-02-24,0.0065,0.0021,0.0033,-0.0017,-0.0001,0.0,0.004,0.0013
2014-02-25,-0.001,0.0005,-0.006,-0.0007,0.0007,0.0,0.001,0.0024
2014-02-26,0.0013,0.0065,-0.0008,-0.0002,0.0003,0.0,-0.001,0.0013
2014-02-27,0.0054,0.0009,0.0,-0.0024,-0.0004,0.0,0.0004,0.0026
2014-02-28,0.0015,-0.0066,0.0084,0.0042,0.0013,0.0,-0.0023,0.0061
2014-03-03,-0.007,0.001,0.0014,0.0004,0.001,0.0,-0.0007,-0.0018
2014-03-04,0.0167,0.0106,-0.0013,-0.0046,-0.0015,0.0,0.008,-0.0001
2014-03-05,0.0001,-0.0021,0.0028,-0.0057,-0.0011,0.0,0.0036,0.0013
2014-03-06,0.0016,-0.0023,0.0077,0.0032,0.0036,0.0,-0.0049,0.0046
2014-03-07,0.0004,-0.0002,0.0052,0.0017,0.0034,0.0,-0.0024,0.0013
2014-03-10,-0.0009,-0.0007,0.0008,0.0002,-0.0013,0.0,0.0002,0.0001
2014-03-11,-0.0062,-0.0055,-0.0019,0.0045,-0.0004,0.0,-0.0008,0.0033
2014-03-12,0.0013,0.0029,-0.0017,-0.0011,-0.0043,0.0,-0.0005,-0.0017
2014-03-13,-0.0121,-0.0006,0.0022,0.0015,0.0004,0.0,-0.0033,0.0026
2014-03-14,-0.0016,0.0066,-0.001,0.0017,0.0004,0.0,-0.0017,-0.0015
2014-03-17,0.009,-0.0035,0.0002,0.0014,0.0004,0.0,0.0024,0.0011
2014-03-18,0.0082,0.0068,-0.0039,-0.0032,-0.003,0.0,0.005,0.0017
2014-03-19,-0.0059,-0.0012,0.0062,-0.0039,0.0003,0.0,-0.0012,0.0003
2014-03-20,0.0052,-0.0036,0.0099,-0.0017,0.0033,0.0,-0.0016,-0.0046
2014-03-21,-0.0037,-0.0016,0.0087,0.0047,0.0045,0.0,-0.011,-0.0006
2014-03-24,-0.0064,-0.0078,0.0092,0.0065,0.0038,0.0,-0.01,-0.0046
2014-03-25,0.0029,-0.0034,0.0014,0.0028,0.0014,0.0,-0.0024,-0.0004
2014-03-26,-0.0089,-0.0111,0.0026,0.0065,0.0046,0.0,-0.0084,-0.0028
2014-03-27,-0.0018,-0.0012,-0.0034,0.0014,0.0,0.0,-0.0046,0.003
2014-03-28,0.0041,-0.0037,0.0054,0.0056,0.0031,0.0,-0.0047,-0.0033
2014-03-31,0.0096,0.0099,-0.0018,-0.0021,0.0004,0.0,0.0073,0.003
2014-04-01,0.0087,0.0065,-0.0037,-0.0019,-0.0028,0.0,0.0099,0.0078
2014-04-02,0.003,0.0004,0.0015,0.0007,0.0004,0.0,-0.0009,0.0015
2014-04-03,-0.0031,-0.0077,0.0081,0.0056,0.004,0.0,-0.0106,-0.0106
2014-04-04,-0.0147,-0.0101,0.007,0.0064,0.0048,0.0,-0.017,-0.0111
2014-04-07,-0.0125,-0.0035,-0.0005,0.002,0.0003,0.0,-0.0102,-0.0064
2014-04-08,0.0049,0.0029,-0.0022,0.0006,-0.0014,0.0,-0.0008,0.0006
2014-04-09,0.0121,0.0022,-0.0086,-0.0046,-0.0053,0.0,0.0137,0.0167
2014-04-10,-0.0224,-0.0061,0.0079,0.0084,0.0076,0.0,-0.0186,-0.0162
2014-04-11,-0.0107,-0.0038,0.0024,0.0043,0.0003,0.0,-0.0053,-0.0072
2014-04-14,0.0071,-0.0048,0.002,0.0032,-0.002,0.0,-0.0017,-0.0025
2014-04-15,0.006,-0.0035,0.0019,-0.0004,-0.0017,0.0,0.0,-0.0019
2014-04-16,0.0112,0.0001,-0.0037,-0.0005,-0.0009,0.0,0.0095,0.0099
2014-04-17,0.0023,0.0032,0.0023,-0.0018,0.0016,0.0,0.0028,-0.0003
2014-04-21,0.0038,0.0016,-0.0043,0.0004,-0.0009,0.0,0.0014,0.003
2014-04-22,0.0057,0.0069,-0.0035,-0.0069,-0.0009,0.0,0.0072,0.0124
2014-04-23,-0.0031,-0.0054,0.0091,0.0019,0.0024,0.0,-0.0029,-0.0058
2014-04-24,0.0008,-0.0042,-0.0016,0.0019,-0.0019,0.0,-0.005,0.0025
2014-04-25,-0.0104,-0.0089,0.0055,0.0081,0.0068,0.0,-0.0125,-0.007
2014-04-28,0.0012,-0.0065,-0.0058,0.0116,0.0004,0.0,-0.0115,-0.0088
2014-04-29,0.0057,-0.0024,-0.0013,-0.0057,-0.0025,0.0,0.007,0.0103
2014-04-30,0.0035,0.0021,-0.0005,0.0008,0.0003,0.0,0.0052,-0.0008
2014-05-01,0.0004,-0.0016,-0.0017,-0.0048,-0.0019,0.0,0.0007,0.0075
2014-05-02,-0.0008,0.0027,0.0041,0.0034,0.0019,0.0,0.0013,0.0015
2014-05-05,0.0013,-0.0037,-0.0055,0.0014,-0.0028,0.0,0.0041,-0.002
2014-05-06,-0.0103,-0.0051,0.0014,0.0085,0.0015,0.0,-0.0044,-0.0063
2014-05-07,0.0045,-0.0072,0.0111,-0.0001,0.0057,0.0,-0.0019,-0.0058
2014-05-08,-0.0026,-0.0096,0.0038,0.0012,0.0026,0.0,-0.0062,0.0043
2014-05-09,0.0025,0.0063,-0.0036,-0.0015,-0.0005,0.0,-0.0017,0.0065
2014-05-12,0.012,0.0136,-0.0027,-0.0047,-0.0028,0.0,0.0085,0.0093
2014-05-13,-0.0005,-0.0104,0.0022,0.0002,-0.0002,0.0,-0.0015,0.0009
2014-05-14,-0.006,-0.0113,-0.0046,0.0017,-0.002,0.0,-0.0044,-0.0004
2014-05-15,-0.009,0.0033,-0.0028,0.0023,-0.0006,0.0,-0.0029,0.0036
2014-05-16,0.0036,0.0022,-0.0043,0.0018,-0.0016,0.0,-0.0019,-0.0007
2014-05-19,0.005,0.0062,0.0006,-0.0032,-0.0007,0.0,0.0071,0.0027
2014-05-20,-0.0078,-0.008,0.0023,0.0009,-0.0009,0.0,0.0008,-0.0005
2014-05-21,0.0081,-0.0028,0.001,-0.0002,-0.0014,0.0,0.004,0.0022
2014-05-22,0.0036,0.0062,-0.0027,-0.0055,-0.0021,0.0,0.0004,0.0039
2014-05-23,0.0049,0.0059,-0.0022,-0.001,-0.0006,0.0,0.0041,0.0019
2014-05-27,0.0069,0.0066,-0.0014,-0.0055,-0.0028,0.0,0.0051,0.0015
2014-05-28,-0.0012,-0.0025,0.0022,0.0009,0.0012,0.0,0.002,0.0006
2014-05-29,0.0054,-0.0022,-0.0011,-0.0006,-0.0022,0.0,0.0028,0.0007
2014-05-30,0.0006,-0.0062,0.0026,0.0034,0.0008,0.0,-0.0001,0.0035
2014-06-02,0.0006,-0.0065,0.0037,0.0014,0.0019,0.0,0.0021,-0.0012
2014-06-03,-0.0005,-0.0024,0.002,0.0008,-0.0016,0.0,0.0018,-0.0022
2014-06-04,0.0028,0.0023,-0.0007,-0.0019,-0.0018,0.0,0.0036,-0.002
2014-06-05,0.0077,0.0129,-0.0017,-0.0018,-0.0011,0.0,-0.0011,0.0013
2014-06-06,0.0054,0.0048,-0.0002,-0.0011,-0.0009,0.0,-0.0023,-0.0001
2014-06-09,0.0022,0.0102,-0.0031,-0.0043,-0.0005,0.0,-0.004,-0.0047
2014-06-10,-0.0003,-0.0019,-0.0003,-0.0035,0.0007,0.0,-0.0014,-0.0004
2014-06-11,-0.0034,-0.0017,-0.0025,-0.0013,-0.0017,0.0,0.0022,-0.0014
2014-06-12,-0.0069,0.0011,0.0016,-0.0023,-0.0003,0.0,-0.0025,0.0006
2014-06-13,0.0031,-0.0005,-0.0018,0.0008,-0.0013,0.0,-0.0009,0.0007
2014-06-16,0.0013,0.0041,-0.0069,-0.0007,-0.0028,0.0,0.0011,-0.0027
2014-06-17,0.0034,0.0055,0.0045,-0.0054,0.0004,0.0,-0.0006,0.0002
2014-06-18,0.0074,-0.0026,-0.001,0.0008,-0.0018,0.0,0.001,0.0009
2014-06-19,0.0012,-0.0014,-0.0003,0.0015,-0.001,0.0,0.0012,0.0021
2014-06-20,0.0018,0.002,0.0004,0.0003,0.0002,0.0,0.0035,-0.0033
2014-06-23,-0.0002,-0.0023,0.0009,-0.0001,-0.0016,0.0,-0.0015,-0.0008
2014-06-24,-0.0072,-0.0037,-0.0025,0.0001,0.0001,0.0,-0.0045,0.0067
2014-06-25,0.0053,0.0033,0.0015,-0.0012,-0.0022,0.0,0.0036,0.0003
2014-06-26,-0.0011,-0.0009,0.0,0.0014,-0.0005,0.0,0.0021,0.001
2014-06-27,0.0025,0.0049,-0.0022,0.0014,-0.0014,0.0,-0.0012,0.0021
2014-06-30,0.0007,0.0028,0.0017,-0.0027,-0.0015,0.0,0.0007,-0.001
2014-07-01,0.0074,0.0043,-0.0038,0.0006,-0.0009,0.0,0.0022,0.0017
2014-07-02,-0.0003,-0.0046,-0.002,0.0009,0.0019,0.0,-0.0009,0.0044
2014-07-03,0.0059,0.0021,0.0013,0.0001,0.0024,0.0,0.0006,0.0007
2014-07-07,-0.0062,-0.012,0.0033,0.0076,0.0029,0.0,-0.0015,0.0076
2014-07-08,-0.0082,-0.0055,0.0072,0.0081,0.0046,0.0,-0.0024,0.0066
2014-07-09,0.0046,-0.004,-0.0012,-0.0004,-0.0008,0.0,0.0031,-0.0019
2014-07-10,-0.0049,-0.006,-0.0002,0.0007,0.0008,0.0,0.0,-0.0001
2014-07-11,0.0012,-0.0031,-0.0036,-0.0039,-0.0018,0.0,0.0012,0.0024
2014-07-14,0.0046,-0.0001,-0.0015,0.0001,-0.0016,0.0,0.0039,0.0007
2014-07-15,-0.0032,-0.0082,0.0099,0.0021,0.0038,0.0,-0.0051,0.0013
2014-07-16,0.0033,-0.0059,0.0035,0.0018,0.0018,0.0,-0.0011,-0.0023
2014-07-17,-0.0121,-0.0036,0.0018,0.004,0.0019,0.0,-0.0055,-0.0018
2014-07-18,0.0112,0.0046,-0.0045,-0.0025,-0.0033,0.0,0.0049,0.003
2014-07-21,-0.0025,-0.0023,0.0004,-0.0034,-0.003,0.0,0.0023,0.0
2014-07-22,0.0053,0.003,-0.0033,0.0022,-0.0018,0.0,0.0027,-0.0003
2014-07-23,0.0019,0.0011,-0.0078,-0.0023,0.0001,0.0,-0.0022,0.0031
2014-07-24,0.0005,-0.0031,0.0003,-0.0021,-0.0001,0.0,-0.0013,0.0041
2014-07-25,-0.0053,-0.0039,0.0016,-0.0001,0.0006,0.0,-0.0021,0.0
2014-07-28,-0.0008,-0.0046,0.0027,0.0004,0.0003,0.0,-0.0021,-0.0029
2014-07-29,-0.0033,0.0063,-0.0066,-0.0015,-0.0014,0.0,-0.0023,0.0027
2014-07-30,0.0012,0.0037,-0.0035,-0.0068,-0.0035,0.0,-0.0012,-0.0007
2014-07-31,-0.0203,-0.0016,0.0048,0.004,0.0029,0.0,-0.0068,-0.0008
2014-08-01,-0.0032,-0.0024,-0.0004,0.001,0.0014,0.0,0.003,0.0026
2014-08-04,0.0074,0.0003,-0.0022,-0.0011,-0.0045,0.0,0.0054,0.0021
2014-08-05,-0.0084,0.0072,-0.0018,-0.0016,0.0001,0.0,-0.0032,0.0022
2014-08-06,0.0002,0.0041,0.0011,-0.0003,0.0028,0.0,-0.005,0.0022
2014-08-07,-0.0052,-0.0005,-0.0015,0.0007,-0.0004,0.0,0.0012,0.0017
2014-08-08,0.0113,-0.0016,-0.0017,0.0034,0.0018,0.0,0.0005,0.0047
2014-08-11,0.004,0.0055,-0.0026,-0.0017,-0.0027,0.0,0.0001,-0.0014
2014-08-12,-0.0023,-0.0057,0.0025,0.0006,0.0001,0.0,-0.0005,-0.0022
2014-08-13,0.007,-0.0015,-0.0024,-0.0039,-0.0023,0.0,0.0079,-0.0007
2014-08-14,0.0044,-0.0027,0.0001,-0.002,-0.0002,0.0,-0.0034,-0.0024
2014-08-15,0.0,-0.0014,-0.0014,0.0018,-0.0024,0.0,0.0041,0.0017
2014-08-18,0.0093,0.0058,-0.0018,0.0,0.0003,0.0,0.0011,-0.0003
2014-08-19,0.0049,-0.0012,-0.0009,0.0024,-0.0013,0.0,-0.0005,-0.0007
2014-08-20,0.0019,-0.0065,0.0029,-0.0001,0.0028,0.0,0.0002,0.003
2014-08-21,0.0028,-0.0008,0.0081,-0.0012,0.0025,0.0,-0.004,0.0003
2014-08-22,-0.001,0.0027,-0.0038,-0.0007,-0.0018,0.0,0.0009,-0.0036
2014-08-25,0.0049,-0.0021,0.0001,-0.0002,-0.0011,0.0,0.0031,-0.0011
2014-08-26,0.0019,0.0069,-0.0032,-0.0038,-0.0017,0.0,-0.0021,-0.0005
2014-08-27,0.0,-0.0021,0.0015,0.0013,0.001,0.0,0.0005,0.001
2014-08-28,-0.0019,-0.004,0.0008,0.0022,0.0003,0.0,0.0005,0.0002
2014-08-29,0.0039,0.0028,0.0009,-0.0031,-0.0016,0.0,0.0006,0.0002
2014-09-02,0.0005,0.0042,-0.0008,-0.0009,-0.0021,0.0,0.0029,-0.0032
2014-09-03,-0.0014,-0.0051,0.0024,0.0005,0.0043,0.0,-0.0011,0.0064
2014-09-04,-0.0018,-0.0014,-0.0017,0.0018,0.0,0.0,-0.0035,-0.0025
2014-09-05,0.0045,-0.0029,-0.0003,0.0013,0.0,0.0,0.0028,-0.0005
2014-09-08,-0.0022,0.0047,-0.0046,-0.0038,-0.0023,0.0,0.0017,-0.0032
2014-09-09,-0.0072,-0.0043,0.0002,0.0029,0.0014,0.0,0.0015,0.0017
2014-09-10,0.0045,0.0016,-0.004,-0.0029,-0.0017,0.0,0.0,-0.002
2014-09-11,0.0019,0.005,0.0022,-0.0024,0.0,0.0,-0.0011,0.0014
2014-09-12,-0.0055,-0.0018,0.0013,-0.0005,0.0012,0.0,-0.0042,-0.0037
2014-09-15,-0.0028,-0.0093,0.0063,0.0047,0.0071,0.0,-0.0011,0.0036
2014-09-16,0.007,-0.004,-0.0011,0.0014,-0.0018,0.0,0.0067,0.0024
2014-09-17,0.0017,0.0008,-0.0023,-0.0023,-0.0021,0.0,0.0007,-0.0026
2014-09-18,0.005,0.0002,0.0001,-0.0011,-0.0003,0.0,0.0007,-0.0053
2014-09-19,-0.0018,-0.0097,0.0003,0.002,-0.0006,0.0,0.0,-0.002
2014-09-22,-0.0097,-0.0054,0.0009,0.0046,0.0021,0.0,-0.0007,-0.0054
2014-09-23,-0.0062,-0.0031,-0.0006,-0.0002,-0.0028,0.0,0.0026,0.0026
2014-09-24,0.0081,0.0005,-0.0093,0.0009,-0.0043,0.0,0.0015,-0.0001
2014-09-25,-0.0163,0.0012,0.0012,0.0031,0.0027,0.0,-0.0023,-0.001
2014-09-26,0.0085,-0.0006,-0.0025,0.001,-0.0049,0.0,0.0059,0.0013
2014-09-29,-0.0022,0.0016,-0.0044,0.0017,-0.0027,0.0,0.0012,-0.0035
2014-09-30,-0.004,-0.0101,0.0011,0.0003,0.0001,0.0,-0.0017,-0.0078
2014-10-01,-0.0139,-0.0014,0.003,0.002,0.0001,0.0,-0.0039,-0.0029
2014-10-02,0.0016,0.0098,-0.0039,-0.003,-0.0029,0.0,-0.0024,0.0014
2014-10-03,0.0108,-0.0039,-0.0045,-0.0009,-0.0013,0.0,0.0046,-0.0067
2014-10-06,-0.0026,-0.0076,0.0035,0.003,0.0024,0.0,-0.0029,-0.001
2014-10-07,-0.0156,-0.0014,0.0014,0.0026,0.0003,0.0,0.001,-0.0053
2014-10-08,0.017,-0.0001,-0.0007,-0.0005,-0.0005,0.0,0.0027,-0.0046
2014-10-09,-0.0217,-0.0047,-0.0041,0.004,-0.0012,0.0,0.0003,-0.0178
2014-10-10,-0.0129,-0.0008,0.005,0.0075,0.0039,0.0,-0.0039,-0.0173
2014-10-13,-0.0159,0.0132,0.0048,-0.003,0.0023,0.0,-0.0087,-0.0212
2014-10-14,0.0027,0.0084,-0.0013,0.0002,0.0009,0.0,-0.0083,-0.0007
2014-10-15,-0.0054,0.0168,-0.0132,-0.0048,-0.0063,0.0,-0.0068,0.0219
2014-10-16,0.0022,0.0105,0.0024,-0.0044,0.0012,0.0,-0.0032,0.0214
2014-10-17,0.0113,-0.0157,-0.0011,-0.0002,0.0026,0.0,0.0105,0.0069
2014-10-20,0.0094,0.0012,-0.0032,0.001,-0.0032,0.0,0.0004,0.001
2014-10-21,0.0198,-0.0042,0.0007,0.0007,-0.001,0.0,0.0028,0.0127
2014-10-22,-0.0085,-0.0055,0.0016,0.0013,0.002,0.0,0.0076,-0.0067
2014-10-23,0.0129,0.0045,-0.0044,-0.0034,-0.0007,0.0,0.001,0.0089
2014-10-24,0.0065,-0.005,-0.0013,-0.0034,0.001,0.0,0.0107,-0.0045
2014-10-27,-0.0017,0.0007,-0.003,0.0012,-0.0002,0.0,0.0033,-0.0115
2014-10-28,0.0137,0.0156,0.0005,-0.004,-0.0018,0.0,-0.0023,0.0056
2014-10-29,-0.0017,0.0001,0.0044,0.0021,0.0035,0.0,0.0027,0.0045
2014-10-30,0.006,0.002,-0.0052,-0.0041,0.0006,0.0,0.0001,-0.0069
2014-10-31,0.0123,0.0031,0.0021,0.002,-0.0002,0.0,0.0,0.0081
2014-11-03,-0.0001,-0.003,-0.0006,0.0004,0.0014,0.0,0.0031,-0.0042
2014-11-04,-0.0034,-0.0003,-0.0025,0.0013,0.0007,0.0,0.0051,-0.0089
2014-11-05,0.0048,-0.0044,0.0084,0.003,0.0077,0.0,-0.0017,0.0052
2014-11-06,0.0049,0.0007,-0.0048,0.0013,-0.0027,0.0,0.0022,0.0009
2014-11-07,0.0008,0.0001,0.0047,-0.0022,0.0005,0.0,-0.009,0.0066
2014-11-10,0.0033,0.0014,-0.005,-0.0028,-0.0042,0.0,0.0063,-0.0054
2014-11-11,0.001,0.0002,-0.0027,0.0012,-0.0029,0.0,-0.0038,0.0015
2014-11-12,0.0007,0.007,-0.0027,0.002,0.0006,0.0,-0.0022,0.0011
2014-11-13,-0.0003,-0.0091,-0.0036,0.0057,0.0,0.0,0.0035,0.0026
2014-11-14,0.0006,-0.0014,0.0018,-0.0002,-0.0012,0.0,-0.008,0.0048
2014-11-17,-0.0005,-0.0095,0.0022,0.0003,0.0024,0.0,0.0058,0.0007
2014-11-18,0.0051,-0.0002,-0.0035,-0.0015,0.0002,0.0,0.0061,0.0016
2014-11-19,-0.0021,-0.0088,-0.0005,0.0039,0.0007,0.0,-0.0011,0.002
2014-11-20,0.0031,0.0089,0.0001,-0.0002,-0.0006,0.0,-0.0073,0.001
2014-11-21,0.0048,-0.0038,-0.0005,-0.001,0.0002,0.0,-0.0033,0.004
2014-11-24,0.004,0.0092,-0.0052,-0.002,-0.001,0.0,0.0011,-0.0034
2014-11-25,-0.0008,0.0004,-0.0002,0.0011,0.0015,0.0,0.0047,0.0027
2014-11-26,0.0029,0.0002,-0.0049,-0.0019,-0.002,0.0,0.0093,-0.0038
2014-11-28,-0.0034,-0.0101,-0.0116,0.0068,0.0,0.0,0.0113,-0.0255
2014-12-01,-0.009,-0.009,0.0061,0.001,0.0052,0.0,0.003,0.0018
2014-12-02,0.0065,0.0046,0.0008,-0.005,0.0005,0.0,0.0078,0.0007
2014-12-03,0.0046,0.0044,0.003,-0.0018,0.0006,0.0,-0.0022,0.0045
2014-12-04,-0.0017,-0.0034,0.0007,0.001,-0.0015,0.0,0.0091,-0.0036
2014-12-05,0.0025,0.0057,0.0023,-0.0066,0.0016,0.0,0.0041,-0.0034
2014-12-08,-0.0082,-0.0055,0.0017,0.0002,0.0009,0.0,0.011,-0.0184
2014-12-09,0.0013,0.017,-0.0012,-0.0047,-0.003,0.0,-0.0034,0.0086
2014-12-10,-0.0172,-0.0064,-0.0013,0.0012,0.0016,0.0,0.0064,-0.0104
2014-12-11,0.005,-0.0006,-0.0018,0.0019,0.0002,0.0,0.002,-0.0058
2014-12-12,-0.0155,0.0046,-0.0059,0.002,-0.0032,0.0,0.0003,-0.0054
2014-12-15,-0.0068,-0.0024,0.0007,0.0071,0.0014,0.0,0.0016,-0.0014
2014-12-16,-0.008,0.0068,0.006,-0.0013,0.0045,0.0,-0.0055,0.0105
2014-12-17,0.0215,0.009,-0.0008,-0.0046,-0.0046,0.0,-0.0066,0.0149
2014-12-18,0.0236,-0.009,-0.0019,-0.0041,-0.0024,0.0,0.0029,0.0027
2014-12-19,0.0043,-0.0023,0.0024,-0.0046,-0.0003,0.0,-0.0096,0.0158
2014-12-22,0.0037,0.0019,-0.0009,0.0019,0.001,0.0,0.002,-0.0014
2014-12-23,0.0021,-0.0014,0.011,0.0059,0.0064,0.0,-0.0095,0.0093
2014-12-24,0.0006,0.0034,-0.0019,-0.0011,-0.0007,0.0,0.0074,-0.0024
2014-12-26,0.0038,0.0034,-0.003,-0.0008,-0.0019,0.0,0.0007,0.002
2014-12-29,0.0013,0.0021,0.0057,0.0019,0.0019,0.0,-0.0019,0.0001
2014-12-30,-0.0048,0.0008,0.0033,-0.0006,0.0033,0.0,-0.0008,0.0007
2014-12-31,-0.0093,0.0047,-0.0044,-0.0011,-0.0026,0.0,-0.0049,0.0015
2015-01-02,-0.0012,-0.0056,0.0012,-0.0028,0.0015,0.0,-0.0008,0.007
2015-01-05,-0.0184,0.0024,-0.0068,0.0017,-0.0008,0.0,0.0115,-0.0057
2015-01-06,-0.0103,-0.0079,-0.0029,0.0052,0.0006,0.0,0.0049,-0.0031
2015-01-07,0.0119,0.0017,-0.0067,0.0026,-0.0017,0.0,0.0097,-0.0055
2015-01-08,0.0181,-0.001,-0.0029,0.001,-0.0021,0.0,0.0014,0.0018
2015-01-09,-0.0085,-0.0003,-0.0047,-0.0012,-0.0016,0.0,-0.0001,-0.0034
2015-01-12,-0.0078,0.0035,-0.0044,0.0017,0.0019,0.0,0.0088,-0.0064
2015-01-13,-0.0019,0.0024,0.0001,0.0043,0.0,0.0,0.0031,-0.0006
2015-01-14,-0.006,0.0027,-0.005,0.0019,-0.0012,0.0,0.0006,-0.0083
2015-01-15,-0.0108,-0.0096,0.0061,0.007,0.0058,0.0,0.0074,-0.0003
2015-01-16,0.0136,0.0049,-0.0013,-0.003,-0.0007,0.0,-0.0021,0.0002
2015-01-20,0.0011,-0.0073,-0.0054,0.0002,-0.0052,0.0,0.0074,-0.0053
2015-01-21,0.0042,-0.0092,0.0059,0.0018,-0.0002,0.0,-0.01,0.0075
2015-01-22,0.0158,0.0045,0.0042,0.0002,-0.0008,0.0,0.0033,0.0081
2015-01-23,-0.0047,0.0042,-0.0077,-0.0006,-0.0061,0.0,0.001,-0.0018
2015-01-26,0.0042,0.0059,-0.0004,-0.0042,-0.0012,0.0,-0.0084,0.0031
2015-01-27,-0.0122,0.0072,0.002,-0.0035,0.0048,0.0,-0.0042,-0.0049
2015-01-28,-0.0139,-0.0018,-0.0081,0.0052,-0.0022,0.0,0.0117,-0.0062
2015-01-29,0.0098,0.0021,0.0003,0.0001,-0.0034,0.0,0.006,-0.0019
2015-01-30,-0.0131,-0.0083,0.0006,-0.0016,-0.0047,0.0,-0.0266,0.0039
2015-02-02,0.0124,-0.0038,0.0101,0.0004,0.0016,0.0,-0.0078,0.0147
2015-02-03,0.0149,0.0024,0.005,0.0006,0.0042,0.0,-0.0122,0.0145
2015-02-04,-0.0035,-0.0009,-0.0021,0.0032,-0.0012,0.0,0.0074,-0.0012
2015-02-05,0.011,0.0043,-0.0007,-0.0051,-0.0018,0.0,-0.007,0.0015
2015-02-06,-0.002,0.0011,0.0036,-0.0019,-0.001,0.0,-0.0077,0.0029
2015-02-09,-0.0046,-0.0034,0.0012,-0.0003,-0.0004,0.0,-0.0062,-0.001
2015-02-10,0.0105,-0.0035,-0.0073,0.0011,-0.004,0.0,0.0117,0.0035
2015-02-11,0.0003,-0.0015,-0.0034,0.0007,-0.001,0.0,0.0047,-0.0014
2015-02-12,0.01,0.0019,-0.0005,-0.0016,-0.0015,0.0,-0.0047,-0.0026
2015-02-13,0.0047,0.0015,-0.0029,-0.003,-0.0024,0.0,-0.0134,-0.0017
2015-02-17,0.0016,-0.0003,-0.0003,-0.0017,-0.0015,0.0,-0.0004,-0.0009
2015-02-18,0.0003,0.0026,-0.0084,0.0028,-0.0019,0.0,0.007,0.0061
2015-02-19,-0.0001,0.0022,-0.0038,-0.0004,-0.0037,0.0,-0.0056,-0.0021
2015-02-20,0.0061,-0.0043,-0.0027,-0.0007,-0.0011,0.0,0.0054,-0.0007
2015-02-23,-0.0008,0.0003,-0.0037,0.0038,-0.0019,0.0,0.0092,-0.0001
2015-02-24,0.0032,0.0,0.0071,-0.0024,0.0037,0.0,-0.0005,0.0037
2015-02-25,0.0001,0.002,-0.0047,-0.0056,-0.0023,0.0,-0.0103,-0.0012
2015-02-26,-0.0008,0.0056,-0.0049,-0.0013,-0.0032,0.0,0.0028,-0.0007
2015-02-27,-0.0036,-0.0021,0.0022,0.0007,0.003,0.0,-0.002,0.0031
2015-03-02,0.0062,0.002,-0.0045,0.0005,0.001,0.0,0.0032,-0.0031
2015-03-03,-0.0043,-0.003,0.0032,-0.0007,0.0,0.0,-0.004,0.0025
2015-03-04,-0.0041,0.0013,-0.0037,-0.0004,-0.003,0.0,0.0003,-0.0012
2015-03-05,0.0015,0.0022,-0.0043,-0.0051,-0.002,0.0,-0.0004,-0.0009
2015-03-06,-0.0129,0.003,0.0042,-0.0012,-0.0002,0.0,0.001,-0.0035
2015-03-09,0.0037,0.001,0.0,0.0028,-0.0006,0.0,0.0077,-0.0039
2015-03-10,-0.0163,0.0043,-0.0054,0.0012,-0.0015,0.0,0.0045,0.0025
2015-03-11,-0.0003,0.006,0.0051,-0.0048,-0.0006,0.0,-0.0004,0.0007
2015-03-12,0.0128,0.004,0.0045,-0.0005,0.0023,0.0,0.0067,-0.002
2015-03-13,-0.0058,0.0021,-0.0001,-0.0011,-0.0009,0.0,0.0073,-0.0024
2015-03-16,0.0124,-0.0079,-0.0038,-0.0013,-0.0016,0.0,0.0063,-0.0021
2015-03-17,-0.0019,0.0052,-0.0001,-0.0001,-0.0028,0.0,0.0022,-0.0038
2015-03-18,0.0109,-0.005,0.0002,0.0015,-0.0003,0.0,-0.0084,0.0127
2015-03-19,-0.0036,0.0079,-0.0111,0.0008,-0.0037,0.0,0.0094,-0.0088
2015-03-20,0.0081,-0.0011,0.0056,0.0044,0.0026,0.0,-0.0041,0.0046
2015-03-23,-0.0019,0.0019,0.0024,0.0018,0.0032,0.0,-0.005,0.0058
2015-03-24,-0.0051,0.0054,-0.0026,0.0011,-0.0021,0.0,-0.0032,0.0006
2015-03-25,-0.0156,-0.009,0.0103,0.0035,0.0052,0.0,-0.0119,0.0113
2015-03-26,-0.0022,0.001,-0.0004,0.0003,-0.0024,0.0,-0.0001,0.0024
2015-03-27,0.0032,0.0044,-0.0072,-0.0014,-0.0011,0.0,0.0114,-0.0037
2015-03-30,0.0124,0.0006,0.0,-0.0029,0.0,0.0,0.0013,-0.0004
2015-03-31,-0.0075,0.0044,0.0039,0.0018,0.0024,0.0,-0.0024,0.0003
2015-04-01,-0.0038,0.0035,0.0042,-0.0016,0.0021,0.0,-0.0015,0.0035
2015-04-02,0.0035,-0.0011,0.0028,-0.001,0.0022,0.0,-0.0057,0.0008
2015-04-06,0.0061,-0.003,-0.0008,0.002,-0.0018,0.0,-0.0128,0.0032
2015-04-07,-0.0022,-0.0019,-0.0019,-0.0018,-0.0026,0.0,-0.003,0.0055
2015-04-08,0.0037,0.0048,-0.0074,-0.0004,-0.003,0.0,0.0128,0.0035
2015-04-09,0.0041,-0.0071,-0.0007,-0.0026,0.0014,0.0,-0.0079,-0.0013
2015-04-10,0.0049,-0.0016,-0.0028,-0.0047,0.0019,0.0,0.0031,0.0021
2015-04-13,-0.0038,0.0056,0.0024,-0.0013,-0.0013,0.0,0.0005,0.0045
2015-04-14,0.001,-0.0015,0.0022,0.0007,0.0009,0.0,-0.0114,-0.0063
2015-04-15,0.0057,0.0028,0.0036,-0.0022,-0.0007,0.0,-0.0169,-0.0054
2015-04-16,-0.0008,-0.001,-0.002,-0.0021,-0.0022,0.0,0.0057,0.0039
2015-04-17,-0.0123,-0.0044,0.0017,0.0015,0.0008,0.0,0.0006,-0.0013
2015-04-20,0.0095,0.0016,-0.0028,0.0046,-0.0032,0.0,0.003,0.004
2015-04-21,-0.001,0.0011,-0.0073,0.001,-0.0025,0.0,0.0123,0.0082
2015-04-22,0.0046,-0.004,0.0018,-0.0007,0.0001,0.0,-0.0017,0.0022
2015-04-23,0.0029,0.0029,-0.0025,0.0,-0.0021,0.0,-0.0026,0.0007
2015-04-24,0.0017,-0.0053,-0.0031,0.0083,-0.0056,0.0,0.004,0.0026
2015-04-27,-0.0053,-0.0066,0.0056,0.0054,-0.0002,0.0,-0.012,0.0014
2015-04-28,0.0027,0.0024,0.0106,0.0006,0.0046,0.0,-0.0075,-0.0012
2015-04-29,-0.0039,-0.0072,0.0072,-0.0077,-0.0001,0.0,-0.0123,-0.0072
2015-04-30,-0.0111,-0.0101,0.0071,0.0025,0.0047,0.0,-0.0113,-0.0032
2015-05-01,0.0101,-0.0031,-0.0061,0.0025,-0.0017,0.0,0.01,0.0078
2015-05-04,0.0032,0.001,0.0021,-0.0015,0.0004,0.0,0.0024,0.0021
2015-05-05,-0.0119,-0.0014,0.0053,0.0,0.003,0.0,-0.0043,-0.0009
2015-05-06,-0.0031,0.006,-0.0012,-0.0025,0.0011,0.0,0.0045,0.0046
2015-05-07,0.0039,0.0001,-0.0037,-0.0026,0.0,0.0,0.0085,0.0086
2015-05-08,0.0121,-0.0056,-0.0011,-0.0027,-0.0028,0.0,0.0018,0.0011
2015-05-11,-0.0039,0.0067,-0.0005,-0.0004,-0.0002,0.0,0.0054,0.0002
2015-05-12,-0.0026,0.0,0.0014,-0.0015,-0.0001,0.0,-0.0032,-0.0014
2015-05-13,0.0001,-0.0001,0.0004,-0.0012,0.0004,0.0,-0.0008,-0.0016
2015-05-14,0.0101,-0.0016,-0.0034,0.0012,-0.0045,0.0,0.0086,-0.0038
2015-05-15,0.0005,-0.0022,-0.002,0.0024,0.0024,0.0,-0.0036,0.0038
2015-05-18,0.0044,0.0074,-0.0011,-0.0018,-0.0028,0.0,0.0076,0.0008
2015-05-19,-0.0009,-0.0009,0.0023,-0.001,-0.0003,0.0,0.0084,-0.0033
2015-05-20,-0.0005,0.0017,-0.001,-0.0016,0.0002,0.0,-0.0019,0.0
2015-05-21,0.0023,-0.0028,0.0002,0.0009,-0.0017,0.0,-0.005,0.0033
2015-05-22,-0.0022,-0.0012,-0.0013,-0.0012,-0.0007,0.0,0.0031,-0.0008
2015-05-26,-0.0101,-0.0003,-0.0002,-0.001,0.0014,0.0,0.0037,-0.0029
2015-05-27,0.0093,0.003,-0.0032,-0.0004,-0.003,0.0,0.008,-0.002
2015-05-28,-0.0011,0.001,0.0015,-0.0022,0.001,0.0,0.0022,-0.0007
2015-05-29,-0.0058,0.0005,0.0005,-0.0027,-0.0004,0.0,0.0013,0.0
2015-06-01,0.0017,-0.0005,-0.0023,0.0023,-0.0032,0.0,0.004,-0.0015
2015-06-02,-0.0002,0.0033,0.0036,-0.0019,0.0016,0.0,-0.0084,0.0058
2015-06-03,0.0039,0.0087,-0.0025,-0.0015,-0.0005,0.0,0.0029,-0.0033
2015-06-04,-0.0088,-0.0009,0.0,0.0018,-0.0002,0.0,0.0015,-0.0022
2015-06-05,0.0006,0.0084,0.001,-0.0053,-0.0037,0.0,-0.0018,-0.0043
2015-06-08,-0.0066,0.0004,0.0001,0.0005,0.0007,0.0,-0.0004,-0.0004
2015-06-09,0.0002,-0.0028,0.0037,0.0015,0.001,0.0,-0.0003,-0.0035
2015-06-10,0.0119,0.0017,0.0021,-0.0004,0.0006,0.0,-0.0008,-0.0019
2015-06-11,0.0021,-0.0008,-0.001,0.0016,-0.0003,0.0,0.0042,-0.0009
2015-06-12,-0.0063,0.0035,0.0012,0.0007,0.0012,0.0,0.0009,-0.0021
2015-06-15,-0.0045,0.0016,-0.0014,-0.002,-0.0026,0.0,0.0029,-0.0022
2015-06-16,0.0057,0.0011,-0.0001,0.0011,-0.0006,0.0,0.0011,-0.0027
2015-06-17,0.0016,-0.0031,-0.0066,0.0016,-0.0012,0.0,0.002,0.0023
2015-06-18,0.0099,0.0015,-0.0045,-0.0014,-0.0019,0.0,0.0081,0.0025
2015-06-19,-0.0043,0.0052,-0.002,0.0008,-0.0006,0.0,0.0038,-0.0019
2015-06-22,0.0063,0.001,-0.0006,-0.0016,-0.0025,0.0,0.0019,-0.0027
2015-06-23,0.0012,0.0025,0.0029,-0.001,-0.0003,0.0,-0.0026,-0.0027
2015-06-24,-0.0079,-0.0014,0.0013,0.0016,0.0,0.0,0.0001,0.0008
2015-06-25,-0.0025,0.0033,-0.0021,0.0016,-0.0008,0.0,0.0087,-0.0053
2015-06-26,-0.0006,-0.0019,0.004,0.0033,0.0034,0.0,0.0004,-0.0029
2015-06-29,-0.0214,-0.0042,0.0017,0.0033,0.0011,0.0,0.0032,0.0022
2015-06-30,0.0033,0.003,-0.0066,-0.0031,-0.0066,0.0,0.0068,-0.0033
2015-07-01,0.0061,-0.0075,-0.0004,0.0021,0.0008,0.0,0.016,-0.0101
2015-07-02,-0.0011,-0.0061,-0.001,-0.0005,0.0,0.0,-0.0034,0.0028
2015-07-06,-0.0037,0.001,-0.0056,-0.002,-0.0022,0.0,0.0142,-0.0088
2015-07-07,0.0053,-0.005,-0.0028,0.0043,0.0002,0.0,-0.0034,0.0017
2015-07-08,-0.0168,-0.0002,0.0009,0.0015,0.0011,0.0,0.0056,-0.0078
2015-07-09,0.0029,0.0016,0.0002,-0.0033,-0.0029,0.0,0.0002,0.0017
2015-07-10,0.0123,0.0018,-0.0052,-0.0021,-0.0011,0.0,0.0108,-0.004
2015-07-13,0.0114,-0.0011,-0.0043,0.0009,-0.0027,0.0,0.0,0.0008
2015-07-14,0.0048,0.0015,0.001,-0.0029,-0.0026,0.0,-0.0027,0.0026
2015-07-15,-0.0018,-0.0079,-0.0006,-0.0022,-0.0029,0.0,0.0128,-0.0105
2015-07-16,0.0077,-0.0025,-0.0064,-0.0025,-0.0066,0.0,0.0077,-0.0114
2015-07-17,0.0005,-0.0068,-0.0066,-0.0024,-0.0095,0.0,-0.0011,-0.0127
2015-07-20,-0.0001,-0.0078,-0.0061,0.0035,-0.0029,0.0,0.0139,-0.0126
2015-07-21,-0.0046,0.0007,0.003,-0.0019,0.0,0.0,-0.0039,0.0038
2015-07-22,-0.0017,0.0027,0.0023,-0.0038,0.0009,0.0,0.0108,-0.0099
2015-07-23,-0.0058,-0.0043,-0.0031,-0.0005,-0.0005,0.0,-0.0014,0.007
2015-07-24,-0.0109,-0.0067,0.0004,0.0005,-0.0005,0.0,0.0105,-0.0112
2015-07-27,-0.0074,-0.0024,0.0005,0.001,0.0039,0.0,0.0021,-0.0047
2015-07-28,0.0123,-0.0036,-0.0014,0.0001,0.0014,0.0,-0.0091,0.0121
2015-07-29,0.0075,-0.0024,0.0053,0.0095,0.0032,0.0,-0.0101,0.0095
2015-07-30,0.001,0.0017,-0.0027,0.0012,-0.0017,0.0,0.002,-0.0023
2015-07-31,-0.0015,0.0075,-0.0101,0.0026,-0.0003,0.0,0.012,-0.0082
2015-08-03,-0.0034,-0.0033,-0.002,0.0006,0.0006,0.0,0.0099,-0.0147
2015-08-04,-0.0014,-0.0001,-0.0013,-0.0003,0.0022,0.0,0.0029,-0.0024
2015-08-05,0.0036,-0.0011,-0.0041,-0.0002,-0.0007,0.0,0.008,-0.0031
2015-08-06,-0.0088,-0.0034,0.0193,0.0032,0.0081,0.0,-0.021,0.0181
2015-08-07,-0.0036,-0.0045,-0.003,0.0027,0.0009,0.0,0.0101,-0.006
2015-08-10,0.0131,0.0018,0.007,0.0017,0.0004,0.0,-0.02,0.0162
2015-08-11,-0.0098,-0.0007,0.0042,0.0015,0.0009,0.0,0.0009,-0.0059
2015-08-12,0.0007,-0.0019,-0.0032,-0.0011,-0.0015,0.0,-0.0099,0.0099
2015-08-13,-0.0014,-0.0044,0.0008,0.0013,-0.001,0.0,0.0133,-0.0065
2015-08-14,0.0043,0.0014,0.0044,-0.0008,0.0009,0.0,0.0018,-0.0032
2015-08-17,0.006,0.0034,-0.0086,-0.0021,-0.0046,0.0,0.0072,0.0052
2015-08-18,-0.0035,-0.0061,0.0037,0.0036,0.0007,0.0,0.002,-0.0042
2015-08-19,-0.0085,-0.002,-0.0022,-0.001,-0.0003,0.0,0.012,-0.0045
2015-08-20,-0.0224,-0.002,0.0055,0.0065,0.0063,0.0,-0.0041,-0.0075
2015-08-21,-0.0295,0.0183,0.0014,-0.0071,0.0082,0.0,-0.0013,-0.003
2015-08-24,-0.0391,0.0028,-0.0043,0.0046,0.0016,0.0,-0.0002,-0.0025
2015-08-25,-0.0116,0.0058,-0.006,-0.0029,-0.0064,0.0,0.0094,0.0071
2015-08-26,0.0368,-0.0142,-0.0033,0.0017,-0.0068,0.0,0.0042,0.0116
2015-08-27,0.024,-0.0063,0.0061,-0.003,-0.0022,0.0,-0.0205,0.0211
2015-08-28,0.0023,0.0098,0.0008,-0.0025,0.0005,0.0,-0.0149,0.009
2015-08-31,-0.0074,0.009,0.0142,0.0009,0.0051,0.0,-0.0177,-0.0044
2015-09-01,-0.0291,0.0024,-0.005,-0.0003,0.0007,0.0,0.0084,-0.0008
2015-09-02,0.0182,-0.003,-0.0092,0.0018,-0.007,0.0,0.01,0.0051
2015-09-03,0.0017,-0.002,0.0074,0.0033,0.0075,0.0,-0.0072,0.0005
2015-09-04,-0.0139,0.0083,-0.0057,-0.0007,-0.0048,0.0,0.007,-0.0028
2015-09-08,0.0252,-0.0038,-0.0058,-0.0008,-0.0029,0.0,0.0088,0.0044
2015-09-09,-0.0134,0.0016,0.0014,0.0021,0.0004,0.0,0.0029,0.0009
2015-09-10,0.0049,-0.0018,-0.0036,-0.0021,-0.0068,0.0,0.003,-0.0011
2015-09-11,0.0044,-0.0027,-0.0069,-0.0009,-0.0033,0.0,0.0125,-0.0082
2015-09-14,-0.0041,0.0002,0.0004,-0.0002,-0.0006,0.0,0.0052,-0.0048
2015-09-15,0.0122,-0.0016,0.0027,0.0001,0.0008,0.0,-0.0041,0.005
2015-09-16,0.0085,0.0005,0.0043,0.0031,0.0024,0.0,-0.017,0.0081
2015-09-17,-0.0017,0.0077,-0.0149,-0.0026,-0.005,0.0,0.011,0.0011
2015-09-18,-0.0162,0.0031,-0.0095,-0.0042,-0.005,0.0,0.0123,-0.003
2015-09-21,0.0036,-0.0084,0.0124,0.0048,0.0023,0.0,-0.0009,0.0065
2015-09-22,-0.0129,-0.0029,0.0013,0.003,0.0008,0.0,0.004,-0.0003
2015-09-23,-0.0027,-0.0021,-0.0015,-0.0019,-0.0028,0.0,0.0198,-0.007
2015-09-24,-0.0036,0.0027,0.0052,-0.0008,0.0003,0.0,-0.0056,-0.0016
2015-09-25,-0.0022,-0.0145,0.0187,0.0053,0.0068,0.0,-0.0051,-0.003
2015-09-28,-0.0263,-0.0022,0.0117,0.0064,0.007,0.0,-0.0035,-0.0166
2015-09-29,-0.0006,-0.0061,0.007,0.0071,0.0059,0.0,-0.0043,-0.0054
2015-09-30,0.0188,-0.005,-0.0044,-0.0042,-0.0035,0.0,0.0027,0.0118
2015-10-01,0.0013,-0.0052,-0.0006,-0.0015,-0.002,0.0,0.0064,0.0015
2015-10-02,0.0148,0.0026,-0.0084,-0.0011,-0.0005,0.0,-0.0217,0.0254
2015-10-05,0.0193,0.0074,0.0077,0.0011,0.0068,0.0,-0.0196,0.0075
2015-10-06,-0.0043,-0.0008,0.0164,0.0034,0.0059,0.0,-0.0306,-0.0095
2015-10-07,0.0094,0.0077,-0.0024,-0.0012,0.0007,0.0,-0.0033,0.0072
2015-10-08,0.0085,0.0034,0.0074,0.0052,0.0075,0.0,-0.0161,-0.0073
2015-10-09,0.0012,0.0011,-0.0108,0.0014,-0.0018,0.0,0.0042,0.0083
2015-10-12,0.0006,-0.0042,-0.0008,0.0011,-0.0011,0.0,0.0183,0.0023
2015-10-13,-0.0073,-0.0067,0.0066,0.0033,0.0019,0.0,-0.0017,-0.0068
2015-10-14,-0.006,-0.0029,-0.0006,-0.0042,0.0041,0.0,-0.0077,0.0
2015-10-15,0.0156,0.0062,-0.0009,-0.0107,-0.0045,0.0,0.0067,0.0093
2015-10-16,0.0035,-0.0053,-0.0032,0.0004,0.0001,0.0,0.0083,-0.0018
2015-10-19,0.0,0.0009,-0.0068,0.0015,-0.0034,0.0,0.0135,0.0043
2015-10-20,-0.0015,0.0016,0.0122,0.0046,0.0029,0.0,-0.0104,-0.0062
2015-10-21,-0.0073,-0.0089,-0.002,0.0044,0.0022,0.0,0.0044,-0.0019
2015-10-22,0.015,-0.0077,0.0033,0.0005,0.0059,0.0,-0.0066,-0.0174
2015-10-23,0.0109,-0.0008,-0.0056,0.0021,-0.0081,0.0,0.0091,0.0016
2015-10-26,-0.002,-0.0045,-0.0072,0.0021,-0.0015,0.0,0.0173,0.006
2015-10-27,-0.0042,-0.0106,-0.0093,-0.0042,-0.005,0.0,0.017,0.0045
2015-10-28,0.0143,0.0151,0.0068,-0.0069,-0.0017,0.0,-0.0072,0.0037
2015-10-29,-0.002,-0.0084,-0.0006,0.0036,-0.003,0.0,-0.005,0.003
2015-10-30,-0.0042,0.0018,-0.0057,0.0037,0.0007,0.0,-0.0102,0.0039
2015-11-02,0.0125,0.009,-0.0002,-0.0053,-0.0008,0.0,-0.0101,0.0016
2015-11-03,0.0033,0.0043,0.0024,0.0004,-0.0011,0.0,-0.0149,0.0068
2015-11-04,-0.0025,0.0016,-0.0032,-0.0063,-0.007,0.0,0.0075,-0.003
2015-11-05,-0.0007,0.0003,0.0049,0.0002,0.0012,0.0,0.0107,0.0006
2015-11-06,0.0014,0.0093,0.0033,-0.0053,-0.0011,0.0,0.0033,-0.0028
2015-11-09,-0.0095,-0.0031,-0.0004,-0.0063,-0.0009,0.0,0.0043,-0.0018
2015-11-10,0.0013,0.0,0.0022,-0.0014,0.0021,0.0,0.0086,-0.003
2015-11-11,-0.0043,-0.0055,-0.0018,-0.0008,0.0007,0.0,0.0139,-0.0067
2015-11-12,-0.0145,-0.0058,-0.0041,0.0015,-0.003,0.0,0.007,-0.0002
2015-11-13,-0.0106,0.0034,0.0036,-0.0056,0.0045,0.0,-0.0058,0.0005
2015-11-16,0.0139,-0.0054,0.0048,0.0019,-0.0013,0.0,-0.0102,0.0045
2015-11-17,-0.0011,-0.0023,-0.0064,0.0,-0.0017,0.0,0.0087,-0.0078
2015-11-18,0.0161,-0.0003,-0.0008,-0.0012,-0.0041,0.0,-0.0047,-0.002
2015-11-19,-0.0013,-0.0028,-0.0017,0.0018,0.0015,0.0,0.0022,0.0013
2015-11-20,0.0035,0.0039,-0.0039,0.0029,0.0001,0.0,0.0089,-0.002
2015-11-23,-0.0001,0.006,-0.0035,0.0009,-0.0016,0.0,0.0009,-0.0005
2015-11-24,0.0021,0.0073,0.0025,0.0018,0.0008,0.0,-0.0135,0.0057
2015-11-25,0.0007,0.0085,-0.0054,-0.0009,-0.001,0.0,0.0002,0.0015
2015-11-27,0.0009,0.0021,-0.0029,-0.0016,0.0009,0.0,0.0079,0.0003
2015-11-30,-0.0048,0.0019,0.0067,-0.0024,0.0009,0.0,-0.0063,0.001
2015-12-01,0.0097,-0.0064,0.0025,-0.0009,-0.0015,0.0,0.0048,0.0022
2015-12-02,-0.0101,0.0019,-0.007,0.0005,-0.0015,0.0,0.0098,-0.0005
2015-12-03,-0.015,-0.0018,0.004,0.0032,0.0025,0.0,-0.0008,-0.0002
2015-12-04,0.0187,-0.0103,-0.0048,0.0013,-0.0031,0.0,0.0202,-0.0091
2015-12-07,-0.0083,-0.0088,-0.0068,0.0069,0.0016,0.0,0.0067,-0.0139
2015-12-08,-0.0058,0.0025,-0.0119,-0.0016,-0.0078,0.0,0.0111,-0.0052
2015-12-09,-0.0083,-0.0023,0.0039,0.0051,0.0061,0.0,-0.0143,0.0112
2015-12-10,0.003,0.0011,-0.0023,0.0015,-0.0021,0.0,-0.0054,0.0057
2015-12-11,-0.0202,-0.0021,-0.0006,0.0019,0.0035,0.0,0.0041,-0.0074
2015-12-14,0.0029,-0.0111,-0.0017,0.001,-0.0039,0.0,0.0144,-0.0112
2015-12-15,0.011,0.0022,0.0078,-0.0077,0.0014,0.0,0.0006,0.0065
2015-12-16,0.0147,0.0002,-0.0068,-0.0013,-0.0017,0.0,-0.0017,-0.0036
2015-12-17,-0.0146,0.0032,-0.0036,-0.0023,-0.001,0.0,0.0071,-0.0075
2015-12-18,-0.0169,0.0069,-0.0037,-0.003,0.0021,0.0,-0.0077,0.0011
2015-12-21,0.0074,-0.0018,-0.0007,-0.0014,0.0008,0.0,-0.0005,-0.0006
2015-12-22,0.0089,0.0001,0.0052,0.0021,0.0052,0.0,-0.0108,0.0064
2015-12-23,0.0129,0.0021,0.0057,-0.0001,0.0011,0.0,-0.0186,0.0147
2015-12-24,-0.0011,0.0027,-0.0002,-0.0022,0.0012,0.0,0.0007,-0.0014
2015-12-28,-0.0028,-0.0054,-0.0036,0.0008,-0.0008,0.0,0.0139,-0.0107
2015-12-29,0.0105,0.0003,-0.0027,0.0001,-0.0035,0.0,0.0024,0.0023
2015-12-30,-0.0074,-0.0018,-0.0015,0.0005,0.0016,0.0,0.0049,-0.0049
2015-12-31,-0.0092,-0.0021,0.0023,-0.0012,0.0009,0.0,-0.0096,0.0098
2016-01-04,-0.0159,-0.0077,0.0052,0.0035,0.0042,0.0,-0.0193,0.0057
2016-01-05,0.0013,-0.0022,0.0,0.0008,0.0028,0.0,0.0068,-0.0086
2016-01-06,-0.0134,-0.0023,0.0001,0.0013,0.0003,0.0,0.0191,-0.0103
2016-01-07,-0.0244,-0.0028,0.0008,0.005,0.0039,0.0,0.0086,-0.0112
2016-01-08,-0.0111,-0.0052,-0.0003,0.0024,0.0006,0.0,-0.0012,0.0001
2016-01-11,-0.0006,-0.0062,0.004,0.0064,0.0044,0.0,0.016,-0.005
2016-01-12,0.0072,-0.0049,-0.0078,-0.001,-0.0034,0.0,0.0104,-0.0006
2016-01-13,-0.0266,-0.0059,0.008,0.0041,0.0073,0.0,0.0016,-0.0129
2016-01-14,0.0165,-0.0004,-0.0041,-0.0059,-0.0045,0.0,-0.0064,0.0123
2016-01-15,-0.0213,0.0041,-0.0022,0.0036,0.0035,0.0,0.0037,-0.0143
2016-01-19,-0.0019,-0.0137,-0.0007,0.0035,0.0026,0.0,0.0161,-0.0234
2016-01-20,-0.0094,0.017,-0.0126,0.0008,-0.0056,0.0,-0.0012,0.0052
2016-01-21,0.0045,-0.0048,-0.0001,0.0049,0.0064,0.0,-0.026,0.0085
2016-01-22,0.0208,0.0012,-0.0019,-0.0048,-0.0074,0.0,-0.0016,0.0103
2016-01-25,-0.017,-0.0053,-0.0098,0.0035,-0.0004,0.0,0.0158,-0.0152
2016-01-26,0.0152,0.0062,0.0118,0.0064,0.0071,0.0,-0.0194,0.0091
2016-01-27,-0.0111,-0.004,0.017,-0.0019,0.0109,0.0,-0.0047,-0.0014
2016-01-28,0.0049,-0.0056,0.0126,-0.0029,-0.0048,0.0,0.0043,-0.0087
2016-01-29,0.0257,0.0061,0.0042,0.0,0.0049,0.0,-0.012,0.0092
2016-02-01,-0.0004,-0.003,-0.01,0.0008,-0.0041,0.0,0.0032,0.0011
2016-02-02,-0.02,-0.0015,-0.0036,0.0028,0.0036,0.0,0.0124,-0.0207
2016-02-03,0.0046,-0.0024,0.0045,0.0041,0.0036,0.0,-0.0241,0.0089
2016-02-04,0.0027,0.0029,0.0035,0.0023,0.0014,0.0,-0.0203,0.0173
2016-02-05,-0.0206,-0.007,0.0163,0.0101,0.0139,0.0,-0.007,-0.0211
2016-02-08,-0.0151,0.0015,0.0083,0.0169,0.0092,0.0,0.011,-0.0301
2016-02-09,-0.0008,-0.0055,-0.0029,-0.0003,0.0003,0.0,0.0176,0.0024
2016-02-10,0.0001,-0.0021,-0.0055,-0.0029,-0.0077,0.0,0.0064,0.007
2016-02-11,-0.0117,0.0028,-0.0147,0.0038,-0.0038,0.0,0.0048,-0.0012
2016-02-12,0.0198,-0.0025,0.0109,-0.004,0.0035,0.0,-0.0129,0.0088
2016-02-16,0.0178,0.0051,-0.0052,-0.0002,-0.0027,0.0,-0.0136,0.0146
2016-02-17,0.0174,-0.0015,-0.0065,-0.0039,-0.0047,0.0,-0.0233,0.012
2016-02-18,-0.0051,-0.0002,0.0021,0.0039,0.0053,0.0,0.001,-0.0041
2016-02-19,0.0006,0.0029,-0.0058,-0.0065,-0.0039,0.0,0.0145,0.009
2016-02-22,0.0143,-0.0019,0.0026,0.0025,-0.0026,0.0,-0.0159,0.0094
2016-02-23,-0.0121,0.0037,-0.005,0.0076,0.0046,0.0,0.0151,-0.0028
2016-02-24,0.0054,0.0065,-0.0029,-0.0003,0.001,0.0,-0.0021,0.0017
2016-02-25,0.011,-0.0045,0.0022,-0.0006,-0.0026,0.0,0.0043,0.0031
2016-02-26,-0.0002,0.0086,0.0029,-0.0056,0.0003,0.0,-0.0201,0.0128
2016-02-29,-0.0069,0.007,0.0025,0.0015,0.0042,0.0,-0.0089,-0.0082
2016-03-01,0.0234,-0.0066,0.0039,-0.0058,-0.0059,0.0,-0.0015,0.0118
2016-03-02,0.0054,0.006,0.0068,-0.0071,-0.0013,0.0,-0.025,0.0019
2016-03-03,0.005,0.0058,0.0065,0.0028,0.0037,0.0,-0.0192,-0.0065
2016-03-04,0.0037,0.0034,0.0029,0.001,0.0006,0.0,-0.0098,0.0021
2016-03-07,0.0021,0.0131,0.0055,-0.0048,0.0044,0.0,-0.0239,-0.0057
2016-03-08,-0.0127,-0.0128,-0.0047,0.0066,0.0014,0.0,0.0361,0.0212
2016-03-09,0.005,0.001,0.0041,0.0024,0.0017,0.0,-0.0011,-0.0005
2016-03-10,-0.001,-0.0077,0.0062,0.0031,0.0021,0.0,0.0055,0.0052
2016-03-11,0.0169,0.0031,0.0023,-0.0042,-0.0035,0.0,-0.0197,-0.0067
2016-03-14,-0.0012,-0.0016,-0.009,-0.0002,-0.0025,0.0,-0.0008,0.0035
2016-03-15,-0.0035,-0.0147,0.0069,0.0043,0.001,0.0,0.0209,0.0089
2016-03-16,0.0063,0.0011,-0.0009,0.0059,-0.0005,0.0,-0.0117,-0.0137
2016-03-17,0.0071,0.0096,0.0059,0.0012,0.0069,0.0,-0.0092,-0.0076
2016-03-18,0.0054,0.0045,-0.0014,-0.0023,0.0019,0.0,-0.0086,0.0027
2016-03-21,0.001,-0.0029,-0.0033,-0.0009,-0.0034,0.0,-0.0016,0.0035
2016-03-22,-0.0005,-0.0009,-0.0045,-0.0031,-0.0027,0.0,-0.0007,0.0049
2016-03-23,-0.0085,-0.012,-0.0015,0.0068,0.0001,0.0,0.0315,0.0198
2016-03-24,0.0,0.0044,-0.0006,0.0005,0.0,0.0,-0.0051,-0.0033
2016-03-28,0.0004,-0.0003,0.0016,-0.0004,0.0025,0.0,0.0084,0.0045
2016-03-29,0.0107,0.0167,-0.0119,0.002,-0.0059,0.0,-0.0017,0.0018
2016-03-30,0.0041,-0.0027,0.0016,-0.0007,0.0006,0.0,0.0009,0.0039
2016-03-31,-0.0011,0.0042,-0.0049,-0.0011,-0.0012,0.0,-0.01,-0.003
2016-04-01,0.0064,-0.0034,-0.0063,-0.0038,-0.0017,0.0,0.0108,0.0054
2016-04-04,-0.0041,-0.0029,-0.0078,-0.0025,-0.0021,0.0,0.0058,0.0029
2016-04-05,-0.0094,-0.0018,-0.0038,0.0009,0.0017,0.0,0.0017,0.0007
2016-04-06,0.0114,0.0009,-0.0076,-0.0054,-0.0066,0.0,-0.0143,0.0051
2016-04-07,-0.0123,-0.001,-0.0038,-0.0001,0.0019,0.0,0.003,-0.003
2016-04-08,0.0029,0.0013,0.0067,0.0037,0.0031,0.0,-0.006,0.0019
2016-04-11,-0.0028,-0.0001,0.0095,0.0,0.003,0.0,0.0002,0.0052
2016-04-12,0.0099,0.0001,0.0087,0.0003,-0.0012,0.0,-0.0146,0.0022
2016-04-13,0.0123,0.0098,0.0038,-0.0048,-0.0035,0.0,-0.0136,0.0119
2016-04-14,0.0003,-0.0024,0.0014,-0.0035,-0.0013,0.0,-0.0012,-0.0005
2016-04-15,-0.0004,0.003,-0.0034,0.0023,0.0015,0.0,0.0043,-0.0007
2016-04-18,0.0065,0.0015,-0.0019,-0.0016,-0.0007,0.0,-0.0029,-0.0008
2016-04-19,0.0028,-0.0019,0.0148,-0.002,0.0036,0.0,-0.0063,0.006
2016-04-20,0.0015,-0.0001,0.0058,-0.0029,-0.0012,0.0,-0.0111,-0.0001
2016-04-21,-0.0048,-0.0002,-0.006,-0.006,-0.0035,0.0,-0.0093,-0.0055
2016-04-22,0.0012,0.0103,0.0051,-0.0008,0.0093,0.0,-0.0128,0.0002
2016-04-25,-0.0024,-0.0066,-0.0018,0.001,-0.0017,0.0,0.0137,0.0082
2016-04-26,0.0029,0.0082,0.0081,0.003,0.006,0.0,-0.0086,-0.0003
2016-04-27,0.0021,0.0018,0.007,-0.0018,0.0075,0.0,-0.0068,-0.0026
2016-04-28,-0.0096,-0.0019,-0.0002,-0.0048,0.0057,0.0,0.0073,0.0038
2016-04-29,-0.005,-0.0021,0.0036,0.0006,-0.0025,0.0,0.0071,0.0
2016-05-02,0.0078,0.0,-0.0038,0.0003,-0.0012,0.0,0.0094,0.0032
2016-05-03,-0.0105,-0.0073,-0.0045,0.0053,0.0004,0.0,0.0162,0.0132
2016-05-04,-0.0066,-0.0016,0.0005,0.0051,0.0026,0.0,0.0126,0.0046
2016-05-05,-0.0008,-0.0052,0.0006,0.0013,-0.0001,0.0,0.0024,-0.0003
2016-05-06,0.0038,0.0006,0.0024,0.0018,0.0025,0.0,0.0023,-0.0025
2016-05-09,0.0005,0.0021,-0.0146,0.0013,-0.0049,0.0,0.0092,0.0107
2016-05-10,0.0126,-0.0037,0.005,-0.0015,0.0005,0.0,-0.007,-0.0052
2016-05-11,-0.0089,-0.0032,0.0079,-0.0039,0.0003,0.0,0.0037,-0.0057
2016-05-12,-0.0011,-0.0062,0.0014,0.0036,0.0008,0.0,0.0118,-0.0084
2016-05-13,-0.0082,0.0029,-0.0067,-0.0055,-0.0018,0.0,0.002,0.0029
2016-05-16,0.0099,0.0021,-0.0023,-0.001,-0.003,0.0,-0.0072,0.0037
2016-05-17,-0.0095,-0.0071,0.0061,-0.0014,-0.0012,0.0,-0.0151,0.0012
2016-05-18,0.001,0.0018,0.0089,-0.0133,-0.0062,0.0,0.003,0.0027
2016-05-19,-0.0032,-0.0034,-0.0026,0.0036,-0.0002,0.0,0.0022,0.002
2016-05-20,0.0075,0.0085,-0.0026,-0.004,-0.0036,0.0,-0.012,0.0063
2016-05-23,-0.0019,0.0024,-0.0032,-0.0023,0.001,0.0,-0.0043,0.0042
2016-05-24,0.0143,0.0063,-0.0035,-0.001,-0.0038,0.0,0.0008,0.002
2016-05-25,0.0071,-0.0012,0.0056,0.0022,-0.0008,0.0,-0.0158,0.0087
2016-05-26,-0.0004,-0.0016,-0.0053,0.0015,-0.0022,0.0,0.0051,-0.0009
2016-05-27,0.0048,0.0036,-0.0017,-0.0012,-0.0009,0.0,-0.002,0.0007
2016-05-31,-0.0001,0.0046,-0.0037,-0.002,-0.0032,0.0,-0.0061,-0.0019
2016-06-01,0.002,0.0063,-0.0021,-0.0028,0.0006,0.0,-0.0003,0.0017
2016-06-02,0.0035,0.0026,-0.0058,-0.002,-0.0005,0.0,-0.006,-0.0007
2016-06-03,-0.0038,-0.0021,-0.0007,0.0052,0.0014,0.0,0.0065,0.0076
2016-06-06,0.006,0.0072,0.0031,-0.0018,-0.0008,0.0,-0.0135,-0.0016
2016-06-07,0.0012,0.0021,0.001,0.0036,0.0024,0.0,-0.0001,0.0035
2016-06-08,0.0037,0.0043,-0.0009,0.0003,-0.0009,0.0,0.0056,0.0023
2016-06-09,-0.0027,-0.0044,-0.0024,0.0033,0.0013,0.0,0.0115,0.0018
2016-06-10,-0.0105,-0.0039,-0.0018,0.0018,0.0061,0.0,0.0151,0.0042
2016-06-13,-0.0084,-0.0036,0.0012,-0.0022,-0.0001,0.0,0.003,-0.0007
2016-06-14,-0.0019,0.0014,-0.0072,0.0033,0.0003,0.0,0.0065,-0.0026
2016-06-15,-0.0011,0.0023,-0.0003,-0.0008,0.0002,0.0,-0.0059,0.002
2016-06-16,0.0024,-0.0032,-0.0044,0.0025,0.003,0.0,0.0044,-0.0029
2016-06-17,-0.003,0.0007,0.0095,0.0042,0.0062,0.0,-0.01,0.0011
2016-06-20,0.0071,0.006,0.0001,-0.0018,0.001,0.0,-0.0038,0.0004
2016-06-21,0.0021,-0.0062,0.0051,-0.0019,-0.0001,0.0,0.0058,-0.0006
2016-06-22,-0.002,-0.0031,0.0007,0.001,-0.0001,0.0,0.001,0.002
2016-06-23,0.0145,0.0056,0.0047,-0.0056,-0.0018,0.0,-0.0109,0.0044
2016-06-24,-0.0369,0.0002,-0.0121,0.0098,0.0007,0.0,0.0203,-0.0111
2016-06-27,-0.0206,-0.0106,-0.0072,0.0062,0.0043,0.0,0.0278,-0.0184
2016-06-28,0.0176,-0.0037,0.0016,-0.0063,-0.0057,0.0,-0.0145,0.0124
2016-06-29,0.0179,0.0031,-0.0004,-0.0013,-0.0026,0.0,-0.0071,0.0111
2016-06-30,0.0142,0.0039,0.0042,-0.0011,0.0038,0.0,0.0064,-0.0026
2016-07-01,0.0024,0.0046,-0.0043,-0.0007,0.0023,0.0,-0.0095,0.0015
2016-07-05,-0.0084,-0.0084,-0.0137,0.006,-0.007,0.0,0.0193,-0.0137
2016-07-06,0.0062,0.0018,-0.0012,-0.0005,-0.0016,0.0,-0.0044,0.0011
2016-07-07,0.0002,0.0033,-0.0018,0.0014,-0.0027,0.0,-0.0055,0.0067
2016-07-08,0.0159,0.0097,0.0032,0.0003,0.0029,0.0,-0.0061,0.0093
2016-07-11,0.0042,0.0069,0.0027,0.0032,-0.0011,0.0,-0.0021,0.0033
2016-07-12,0.0075,0.0075,0.0098,-0.0057,0.0065,0.0,-0.0152,0.0132
2016-07-13,-0.0004,-0.0046,0.0048,0.005,-0.0001,0.0,0.0086,0.0002
2016-07-14,0.0051,-0.0041,0.0045,-0.0001,0.0002,0.0,-0.006,0.0044
2016-07-15,-0.0005,0.0029,0.0001,-0.0029,-0.0002,0.0,-0.0013,0.0013
2016-07-18,0.0024,0.0001,-0.0014,0.0005,-0.0021,0.0,-0.007,0.0028
2016-07-19,-0.0022,-0.0064,0.0004,0.0045,-0.0024,0.0,0.0063,-0.0002
2016-07-20,0.0048,0.0039,-0.0089,-0.0004,-0.0035,0.0,-0.008,0.0029
2016-07-21,-0.0038,-0.0006,-0.0004,0.0015,0.0004,0.0,-0.0032,-0.0031
2016-07-22,0.0048,0.0028,-0.0014,0.0041,-0.0026,0.0,0.0033,-0.0017
2016-07-25,-0.0027,-0.0005,-0.0023,0.0044,-0.004,0.0,-0.0008,-0.0055
2016-07-26,0.0013,0.0061,0.0054,-0.0053,0.0075,0.0,-0.0024,-0.0008
2016-07-27,-0.0014,0.005,-0.0043,-0.0014,-0.0057,0.0,-0.0089,-0.0036
2016-07-28,0.0019,-0.0052,-0.0033,-0.0012,-0.0013,0.0,0.0018,0.0026
2016-07-29,0.0017,-0.0005,0.0001,-0.0002,0.0035,0.0,0.0015,0.0028
2016-08-01,-0.0016,0.0007,-0.009,0.0047,-0.0075,0.0,-0.0009,-0.0068
2016-08-02,-0.007,-0.0061,0.0017,-0.0043,0.0014,0.0,0.0045,0.005
2016-08-03,0.0045,0.006,0.008,-0.007,0.0014,0.0,-0.016,-0.002
2016-08-04,0.0005,0.0007,-0.0039,0.0017,0.0007,0.0,0.0056,0.0003
2016-08-05,0.0092,0.0055,0.01,-0.0057,-0.0034,0.0,-0.0134,-0.0047
2016-08-08,-0.0006,0.0012,0.005,0.0007,0.0043,0.0,-0.0044,0.0006
2016-08-09,0.0005,-0.0007,-0.0028,-0.0021,-0.0024,0.0,0.0044,-0.0017
2016-08-10,-0.0029,-0.0047,-0.0018,0.0061,0.0003,0.0,0.0081,0.0001
2016-08-11,0.0054,0.0015,0.0003,-0.0031,0.0021,0.0,-0.0072,-0.0006
2016-08-12,-0.0006,0.0014,-0.0017,-0.0014,-0.0026,0.0,-0.0027,-0.0022
2016-08-15,0.0038,0.0082,0.0039,-0.0026,0.0038,0.0,-0.0105,-0.0023
2016-08-16,-0.0057,-0.0021,0.0058,-0.0013,0.0032,0.0,-0.0035,-0.0004
2016-08-17,0.0012,-0.005,0.0024,0.0001,0.0007,0.0,0.004,0.0005
2016-08-18,0.0032,0.0048,0.0034,-0.0046,0.0037,0.0,0.0004,-0.0008
2016-08-19,-0.0011,0.0007,-0.0013,0.0022,-0.0012,0.0,-0.0025,-0.0028
2016-08-22,-0.0002,0.0023,-0.004,0.0001,-0.0039,0.0,0.0018,0.0041
2016-08-23,0.0026,0.0055,-0.0001,-0.0002,0.0006,0.0,-0.0043,-0.0011
2016-08-24,-0.0055,-0.0045,0.0037,0.0042,-0.0008,0.0,0.0039,0.0052
2016-08-25,-0.0008,0.0021,0.0047,-0.0026,0.0028,0.0,0.0041,0.0
2016-08-26,-0.0015,0.0011,-0.0009,-0.0039,-0.0021,0.0,-0.0044,-0.0047
2016-08-29,0.0053,0.0,0.0034,-0.0007,0.0019,0.0,-0.0019,-0.0005
2016-08-30,-0.0014,0.0022,0.0028,-0.0012,-0.0033,0.0,-0.0044,-0.0048
2016-08-31,-0.0024,-0.0035,0.0014,0.0025,-0.0036,0.0,0.0023,0.0025
2016-09-01,0.0003,0.0005,-0.0051,0.001,-0.0014,0.0,0.0066,0.0012
2016-09-02,0.0053,0.0043,0.0037,-0.0015,0.0021,0.0,0.0002,-0.0012
2016-09-06,0.0027,0.0003,-0.0055,-0.006,-0.0004,0.0,-0.0006,0.0066
2016-09-07,0.0009,0.0062,0.0002,-0.0005,-0.0024,0.0,-0.0066,0.0012
2016-09-08,-0.0018,0.0004,0.0059,-0.0084,0.0038,0.0,-0.0061,-0.0016
2016-09-09,-0.0246,-0.0058,0.0042,-0.0001,-0.0044,0.0,-0.0018,0.0
2016-09-12,0.0144,-0.0003,-0.0044,-0.0014,-0.002,0.0,-0.0022,0.0034
2016-09-13,-0.0148,-0.0031,-0.0044,0.0054,-0.007,0.0,0.002,-0.0006
2016-09-14,-0.0008,0.0006,-0.0081,0.0009,-0.0049,0.0,0.0037,-0.0014
2016-09-15,0.0107,0.003,-0.0033,0.0007,-0.0019,0.0,0.0008,-0.0036
2016-09-16,-0.0036,0.0029,-0.0044,0.0021,-0.0019,0.0,0.001,0.0002
2016-09-19,0.0005,0.0051,0.0015,-0.0008,0.0035,0.0,0.0004,0.0023
2016-09-20,-0.0001,-0.0035,-0.0041,-0.0055,-0.0012,0.0,-0.0003,-0.0035
2016-09-21,0.0112,0.0021,0.0033,-0.0037,0.0053,0.0,0.0059,0.0054
2016-09-22,0.007,0.0082,-0.0006,0.0009,0.0013,0.0,-0.0019,0.0035
2016-09-23,-0.0059,-0.0005,-0.002,0.0053,-0.0052,0.0,-0.0036,0.0026
2016-09-26,-0.0088,-0.003,-0.0036,-0.0016,0.0019,0.0,0.0042,0.0024
2016-09-27,0.0064,-0.0012,-0.0049,-0.0003,-0.004,0.0,0.0001,-0.0021
2016-09-28,0.0056,0.0023,0.011,-0.0091,0.0115,0.0,0.003,0.0096
2016-09-29,-0.0098,-0.0039,0.0051,0.0027,0.0068,0.0,0.0041,0.0042
2016-09-30,0.0088,0.0041,0.0034,-0.0023,0.0011,0.0,-0.0037,0.0011
2016-10-03,-0.0026,-0.0003,-0.0014,0.0005,0.0017,0.0,-0.0009,0.0008
2016-10-04,-0.0045,0.0006,0.0015,0.0011,-0.0032,0.0,-0.0052,-0.0012
2016-10-05,0.0058,0.0042,0.008,-0.0049,0.0044,0.0,-0.0074,-0.0043
2016-10-06,-0.0006,-0.0022,0.0029,0.0045,0.0024,0.0,0.0076,0.0017
2016-10-07,-0.0038,-0.0054,0.002,-0.0029,-0.0036,0.0,0.0016,0.001
2016-10-10,0.0052,0.0057,0.0004,-0.0053,-0.002,0.0,0.0011,-0.0011
2016-10-11,-0.013,-0.0057,0.0043,0.0039,0.0008,0.0,0.0004,0.0042
2016-10-12,0.0006,-0.0022,0.0034,0.0067,0.0013,0.0,0.0051,0.0043
2016-10-13,-0.0041,-0.0075,-0.0062,0.0032,-0.0016,0.0,0.0013,0.0045
2016-10-14,0.0001,-0.0036,0.0058,0.0006,0.0011,0.0,0.0032,-0.0006
2016-10-17,-0.0029,-0.0002,0.0015,0.001,0.0012,0.0,0.0049,0.0014
2016-10-18,0.006,-0.0017,0.0004,-0.003,-0.0031,0.0,-0.0032,0.0028
2016-10-19,0.0024,0.0014,0.0093,-0.0011,0.005,0.0,-0.0033,-0.0054
2016-10-20,-0.0016,-0.0005,-0.0012,-0.0048,-0.0005,0.0,-0.0042,0.0045
2016-10-21,0.0002,-0.0018,-0.0033,0.0017,-0.0019,0.0,-0.0025,-0.0033
2016-10-24,0.0054,0.0006,-0.0019,0.006,-0.0049,0.0,0.0038,-0.0029
2016-10-25,-0.0046,-0.006,0.0024,0.0,-0.0002,0.0,0.0002,0.002
2016-10-26,-0.0023,-0.0073,0.0071,0.0009,0.0055,0.0,-0.008,0.0011
2016-10-27,-0.0032,-0.0094,0.0056,-0.0015,0.0,0.0,-0.0023,-0.0043
2016-10-28,-0.0029,-0.0012,0.0008,-0.0012,0.0037,0.0,0.0041,0.0021
2016-10-31,0.0002,0.0011,0.001,0.0048,-0.0033,0.0,0.0077,-0.0011
2016-11-01,-0.0068,-0.004,0.0023,-0.0049,-0.0005,0.0,-0.0025,0.0038
2016-11-02,-0.0073,-0.0056,0.0026,0.0096,0.0012,0.0,0.0008,-0.001
2016-11-03,-0.004,-0.0036,0.0105,0.0012,0.0081,0.0,0.0078,-0.0086
2016-11-04,-0.0012,0.0085,-0.0042,-0.0009,-0.001,0.0,-0.0059,0.0072
2016-11-07,0.0224,0.0016,-0.0011,-0.0029,-0.002,0.0,-0.0024,0.0065
2016-11-08,0.004,-0.0011,-0.0023,-0.0004,0.0029,0.0,0.0056,-0.0004
2016-11-09,0.0145,0.0213,0.0107,-0.0078,0.0073,0.0,-0.0198,0.0164
2016-11-10,0.0032,0.0147,0.0185,-0.0024,0.0035,0.0,-0.0197,-0.0161
2016-11-11,0.0018,0.0253,-0.0003,0.0005,-0.003,0.0,-0.0026,-0.0061
2016-11-14,0.002,0.0091,0.0141,-0.002,0.0038,0.0,-0.015,-0.0156
2016-11-15,0.008,-0.0054,0.0015,-0.005,0.0018,0.0,0.007,0.0119
2016-11-16,-0.0012,0.0022,-0.0054,0.0076,-0.0016,0.0,0.0067,0.01
2016-11-17,0.0056,0.0016,-0.0015,0.0017,-0.0043,0.0,-0.0013,-0.0027
2016-11-18,-0.0016,0.0057,0.0038,-0.0021,0.0009,0.0,0.0015,-0.0011
2016-11-21,0.0077,-0.0026,0.0005,-0.0005,0.003,0.0,0.0036,0.0053
2016-11-22,0.0031,0.0064,0.0054,0.0084,0.0032,0.0,0.0047,-0.0042
2016-11-23,0.0015,0.0056,0.0019,-0.0024,0.0015,0.0,-0.0046,-0.0052
2016-11-25,0.004,-0.0005,-0.0029,0.0027,-0.0017,0.0,0.0002,0.0015
2016-11-28,-0.0064,-0.0078,0.0009,0.0065,-0.0033,0.0,0.0066,0.0085
2016-11-29,0.0012,-0.0039,-0.0005,0.0042,-0.0052,0.0,0.0031,-0.0023
2016-11-30,-0.0025,-0.0016,0.022,-0.0143,0.0197,0.0,-0.007,-0.0084
2016-12-01,-0.0036,-0.0038,0.0203,0.0031,0.0062,0.0,-0.0051,-0.0197
2016-12-02,0.0,-0.0001,-0.0032,-0.0011,0.0007,0.0,0.0045,0.0079
2016-12-05,0.0075,0.0112,0.0027,-0.003,-0.0017,0.0,-0.0027,-0.0029
2016-12-06,0.0047,0.0064,0.0021,-0.0015,-0.0007,0.0,-0.0046,-0.0048
2016-12-07,0.0126,-0.0049,0.0047,0.0084,0.0,0.0,0.0009,-0.003
2016-12-08,0.0036,0.0125,0.006,-0.0021,-0.0012,0.0,-0.0038,-0.0071
2016-12-09,0.0046,-0.0035,0.0021,-0.0006,-0.0007,0.0,-0.0065,0.0052
2016-12-12,-0.003,-0.0097,-0.0014,0.0012,0.0003,0.0,0.002,0.0104
2016-12-13,0.006,-0.0059,-0.0026,0.0004,-0.0017,0.0,-0.001,0.0043
2016-12-14,-0.0082,-0.0039,-0.0028,0.0044,-0.005,0.0,0.0003,0.0041
2016-12-15,0.0046,0.0046,0.0029,0.0005,0.0003,0.0,0.0027,-0.0026
2016-12-16,-0.0022,-0.0002,-0.004,-0.0014,-0.0002,0.0,-0.0087,0.0036
2016-12-19,0.0022,0.0032,0.0006,0.0023,0.0003,0.0,0.0013,-0.0023
2016-12-20,0.0044,0.005,0.0064,0.0011,0.0007,0.0,0.0043,-0.0044
2016-12-21,-0.0024,-0.0035,0.002,0.0014,0.0007,0.0,0.0033,-0.0019
2016-12-22,-0.003,-0.0077,0.0025,-0.0021,0.0006,0.0,0.003,-0.0056
2016-12-23,0.0019,0.0053,-0.005,-0.0034,-0.0014,0.0,-0.0039,0.0029
2016-12-27,0.0027,0.0024,0.0013,0.0017,0.0006,0.0,0.0028,0.0003
2016-12-28,-0.0087,-0.0029,0.0008,0.0016,-0.0016,0.0,-0.0013,-0.0002
2016-12-29,-0.0004,0.001,-0.0033,0.0027,0.0003,0.0,0.0008,0.0029
2016-12-30,-0.0052,-0.0006,0.0021,-0.0012,0.0004,0.0,-0.0027,-0.0003
2017-01-03,0.0083,-0.0009,0.0006,-0.002,0.0025,0.0,-0.0062,0.0086
2017-01-04,0.0079,0.0097,-0.0015,-0.0047,-0.0005,0.0,-0.0038,0.0056
2017-01-05,-0.0021,-0.0102,-0.0079,-0.0023,-0.0009,0.0,-0.0061,0.0037
2017-01-06,0.0029,-0.0074,-0.0031,-0.0035,-0.003,0.0,-0.0018,-0.0009
2017-01-09,-0.0037,-0.0035,-0.0103,0.0014,-0.0049,0.0,-0.0037,-0.0035
2017-01-10,0.0016,0.0093,0.0043,0.0004,0.0005,0.0,0.0072,0.0076
2017-01-11,0.0031,-0.0015,0.0068,0.0006,0.0026,0.0,0.0066,0.0032
2017-01-12,-0.003,-0.0065,-0.0087,0.0005,-0.0029,0.0,-0.0054,0.0005
2017-01-13,0.0029,0.006,-0.0009,-0.0026,-0.0016,0.0,0.0018,-0.0031
2017-01-17,-0.0049,-0.0096,-0.0064,0.0058,0.0039,0.0,-0.0091,0.0021
2017-01-18,0.0024,0.002,0.0023,-0.001,-0.0008,0.0,0.0052,0.0012
2017-01-19,-0.0038,-0.0055,-0.0005,-0.001,-0.0003,0.0,0.0034,-0.0042
2017-01-20,0.0033,0.0008,0.0022,0.0013,0.0003,0.0,0.0019,-0.0012
2017-01-23,-0.0029,-0.0007,-0.0033,0.0042,-0.0036,0.0,0.0009,-0.0069
2017-01-24,0.0082,0.008,0.0081,-0.0024,0.0049,0.0,0.0117,0.004
2017-01-25,0.0084,0.0021,0.0043,-0.0024,-0.0015,0.0,0.005,0.0005
2017-01-26,-0.001,-0.0058,0.0041,-0.0008,-0.0015,0.0,0.0055,-0.0009
2017-01-27,-0.0012,-0.0006,-0.0068,0.0011,0.0006,0.0,0.0005,-0.0002
2017-01-30,-0.0068,-0.0074,-0.0046,0.006,-0.0015,0.0,-0.0071,0.0001
2017-01-31,0.0,0.0082,-0.0055,-0.0039,-0.0026,0.0,-0.0064,0.0016
2017-02-01,0.0003,-0.0008,0.0004,0.0022,-0.0023,0.0,0.0047,-0.0073
2017-02-02,-0.0002,-0.0029,-0.003,-0.0028,0.0015,0.0,-0.0051,0.0007
2017-02-03,0.0082,0.0061,0.0074,-0.0049,0.0027,0.0,0.0089,0.0048
2017-02-06,-0.0027,-0.0065,-0.0016,0.0007,-0.0022,0.0,-0.0023,-0.0018
2017-02-07,0.0,-0.0038,-0.0051,0.0038,-0.0023,0.0,-0.0024,-0.0037
2017-02-08,0.0007,-0.0028,-0.0059,0.003,-0.0009,0.0,-0.0063,-0.001
2017-02-09,0.0071,0.007,0.0008,-0.0026,0.0007,0.0,0.0047,0.0056
2017-02-10,0.0037,0.0039,0.0017,-0.0003,0.0014,0.0,-0.0031,0.0041
2017-02-13,0.0049,-0.0027,0.0034,-0.0004,0.0004,0.0,0.0029,0.0032
2017-02-14,0.0045,-0.0017,0.0036,-0.0043,-0.0009,0.0,0.0012,0.0021
2017-02-15,0.0053,0.0014,-0.0043,0.002,-0.0004,0.0,-0.0024,-0.0023
2017-02-16,-0.0016,-0.0022,0.0,0.0027,-0.0021,0.0,-0.0007,0.0021
2017-02-17,0.002,-0.0006,-0.0054,0.0001,-0.004,0.0,-0.0041,-0.0005
2017-02-21,0.006,0.0006,0.0013,0.0033,0.0036,0.0,0.0007,0.0031
2017-02-22,-0.0015,-0.0038,0.001,0.0048,-0.0032,0.0,-0.0006,-0.002
2017-02-23,-0.0012,-0.0071,0.0024,-0.0027,-0.0045,0.0,-0.0055,0.0008
2017-02-24,0.0015,-0.0011,-0.0096,0.0031,-0.0021,0.0,-0.0061,-0.0025
2017-02-27,0.0021,0.0086,-0.0034,-0.0035,-0.0013,0.0,0.0014,0.0029
2017-02-28,-0.0042,-0.0135,0.0014,-0.0002,-0.0019,0.0,0.0014,-0.0015
2017-03-01,0.0147,0.0051,0.0077,-0.0053,0.0053,0.0,0.013,0.004
2017-03-02,-0.0069,-0.0054,-0.009,0.0062,-0.0043,0.0,-0.0114,0.0012
2017-03-03,0.0008,-0.0017,0.0014,-0.0006,-0.0009,0.0,0.0063,-0.0019
2017-03-06,-0.0037,-0.004,-0.0008,-0.0005,0.0,0.0,0.0002,0.0003
2017-03-07,-0.0035,-0.0035,-0.0007,0.0009,-0.0025,0.0,0.0011,-0.0034
2017-03-08,-0.0019,-0.0019,-0.0083,0.0044,-0.0075,0.0,-0.0071,-0.0105
2017-03-09,0.0005,-0.0052,-0.0023,-0.0059,-0.0016,0.0,-0.0018,-0.0037
2017-03-10,0.0034,0.0007,-0.0047,0.0027,0.0003,0.0,-0.002,0.0002
2017-03-13,0.0013,0.0031,-0.0008,-0.0011,0.0005,0.0,0.0054,0.0013
2017-03-14,-0.0036,-0.0022,-0.0001,0.0051,-0.0025,0.0,-0.0016,-0.0041
2017-03-15,0.0086,0.0069,-0.0046,-0.001,0.005,0.0,-0.0003,0.0102
2017-03-16,-0.0007,0.0044,0.0023,-0.0016,-0.0036,0.0,-0.0019,0.0018
2017-03-17,-0.0008,0.0057,-0.0033,0.0014,0.0003,0.0,0.0014,-0.0001
2017-03-20,-0.0025,-0.002,-0.0072,-0.0015,-0.0007,0.0,-0.0002,-0.0029
2017-03-21,-0.0149,-0.014,-0.0071,0.0085,0.0029,0.0,-0.0169,-0.0077
2017-03-22,0.0016,-0.0033,-0.0057,0.0016,-0.0015,0.0,0.0022,-0.0012
2017-03-23,-0.0003,0.0074,0.0049,-0.0003,0.0021,0.0,0.0015,0.0021
2017-03-24,-0.0005,0.0011,-0.0021,-0.0026,-0.0032,0.0,0.0008,-0.0011
2017-03-27,-0.0005,0.0046,-0.0049,-0.0021,-0.0026,0.0,-0.0031,-0.0032
2017-03-28,0.0073,-0.0005,0.0073,0.0004,0.0041,0.0,0.0037,0.0094
2017-03-29,0.0018,0.0033,-0.0008,-0.0025,0.0015,0.0,-0.0046,0.0022
2017-03-30,0.0036,0.0042,0.0092,-0.0006,-0.0015,0.0,0.0072,0.0099
2017-03-31,-0.0016,0.0054,-0.0032,0.0004,0.001,0.0,0.0,-0.0013
2017-04-03,-0.0028,-0.0115,-0.0008,-0.0016,-0.0009,0.0,0.0004,-0.0011
2017-04-04,0.0005,-0.0024,0.0031,-0.0008,0.0019,0.0,0.0037,-0.0014
2017-04-05,-0.0044,-0.0082,-0.003,0.0045,-0.0008,0.0,-0.0045,-0.0041
2017-04-06,0.0031,0.0073,0.0048,-0.0013,0.0036,0.0,0.0007,0.0037
2017-04-07,-0.0008,0.0008,-0.0026,0.0,-0.0005,0.0,0.0001,-0.0001
2017-04-10,0.0008,0.0015,0.0007,0.0019,0.0044,0.0,-0.0091,-0.0017
2017-04-11,-0.0005,0.0079,0.0023,0.002,0.0019,0.0,0.0014,0.0016
2017-04-12,-0.0049,-0.0094,-0.0053,-0.0004,-0.0055,0.0,-0.0059,0.0025
2017-04-13,-0.0075,-0.0034,-0.0083,-0.0003,-0.0038,0.0,-0.0031,-0.0016
2017-04-17,0.0089,0.0029,0.0024,0.0002,-0.0014,0.0,0.0052,0.004
2017-04-18,-0.0025,0.0031,-0.0019,0.0031,0.0012,0.0,-0.0002,-0.0019
2017-04-19,-0.0008,0.0056,-0.0045,0.0043,-0.0084,0.0,0.0019,0.0013
2017-04-20,0.0083,0.006,0.0026,0.002,-0.0019,0.0,0.0043,0.003
2017-04-21,-0.0028,0.0006,-0.0015,0.0035,-0.002,0.0,0.0019,0.0003
2017-04-24,0.0118,0.0026,0.005,-0.0008,0.0013,0.0,0.0094,0.0034
2017-04-25,0.0066,0.004,-0.0007,-0.0037,0.0031,0.0,0.0012,0.0021
2017-04-26,0.0004,0.0075,0.0032,0.0023,-0.0001,0.0,-0.0022,-0.0048
2017-04-27,0.0005,-0.002,-0.0098,0.0021,-0.0056,0.0,0.0025,-0.0027
2017-04-28,-0.003,-0.0076,-0.006,0.0009,-0.0022,0.0,-0.0008,0.0024
2017-05-01,0.0021,0.0023,-0.001,-0.002,-0.0053,0.0,0.0096,-0.0044
2017-05-02,0.0003,-0.0045,-0.0023,0.0043,-0.0029,0.0,-0.0057,-0.0027
2017-05-03,-0.0019,-0.0051,0.0023,-0.0006,0.001,0.0,-0.0002,0.0016
2017-05-04,0.0002,-0.0014,-0.0033,0.0032,-0.0073,0.0,-0.0001,-0.0059
2017-05-05,0.0046,0.0009,0.0,-0.0023,0.0064,0.0,-0.0032,0.0082
2017-05-08,-0.0004,-0.002,0.0025,0.0013,0.0007,0.0,0.0001,0.0001
2017-05-09,-0.0005,0.004,-0.008,0.0034,-0.0034,0.0,0.0005,-0.0051
2017-05-10,0.002,0.0025,0.0003,-0.0031,0.0038,0.0,0.0003,0.0044
2017-05-11,-0.0025,-0.0043,-0.0016,-0.0025,-0.0003,0.0,0.0012,0.0005
2017-05-12,-0.0018,-0.0038,-0.0061,-0.0027,-0.0033,0.0,0.0031,-0.0039
2017-05-15,0.0053,0.0025,0.002,-0.003,0.0003,0.0,0.0008,-0.0001
2017-05-16,-0.0003,0.001,-0.0009,-0.0024,-0.0012,0.0,0.0083,-0.0052
2017-05-17,-0.0197,-0.0095,-0.006,0.0053,0.0028,0.0,-0.0154,0.0119
2017-05-18,0.004,0.0,-0.0038,-0.0035,-0.0059,0.0,0.0058,-0.0012
2017-05-19,0.007,-0.0033,0.004,-0.0009,0.008,0.0,-0.0025,0.0011
2017-05-22,0.0056,0.0025,-0.003,-0.0004,-0.003,0.0,0.0035,-0.0015
2017-05-23,0.0018,-0.0002,0.0064,-0.0023,0.0006,0.0,0.0056,0.0013
2017-05-24,0.0024,-0.002,-0.0046,0.0015,-0.0029,0.0,0.0014,-0.003
2017-05-25,0.0042,-0.0035,-0.0075,0.0055,-0.0062,0.0,0.0058,-0.0061
2017-05-26,0.0006,-0.0002,0.001,0.0018,0.0021,0.0,0.0017,0.0002
2017-05-30,-0.0019,-0.0054,-0.0034,0.0063,-0.0001,0.0,0.0007,-0.0039
2017-05-31,-0.0002,-0.0004,-0.0053,0.0027,-0.0007,0.0,-0.0003,-0.001
2017-06-01,0.0094,0.0101,0.0004,-0.0022,0.0008,0.0,-0.0042,0.0065
2017-06-02,0.0035,0.0043,-0.0076,0.0017,-0.0046,0.0,0.0056,-0.0054
2017-06-05,-0.0017,-0.0045,-0.0003,-0.0017,0.0005,0.0,0.0005,-0.0001
2017-06-06,-0.0028,0.001,-0.0003,-0.0047,0.0035,0.0,-0.0012,-0.0003
2017-06-07,0.0015,-0.0012,-0.0004,0.0053,-0.0067,0.0,0.0116,-0.0007
2017-06-08,0.0018,0.0119,0.0093,-0.0069,-0.0006,0.0,0.0096,0.0016
2017-06-09,-0.0012,0.003,0.0244,-0.0016,0.0109,0.0,-0.016,0.026
2017-06-12,-0.0012,-0.0017,0.0033,0.0008,0.0058,0.0,-0.0121,0.0055
2017-06-13,0.0055,0.0005,-0.0014,-0.003,-0.0007,0.0,0.0053,0.0043
2017-06-14,-0.0017,-0.0055,-0.0052,0.0011,-0.0053,0.0,-0.002,-0.0055
2017-06-15,-0.003,-0.0029,-0.0012,0.0008,-0.001,0.0,0.0027,-0.005
2017-06-16,-0.0004,-0.0022,-0.0019,-0.0043,0.0012,0.0,0.0012,0.0011
2017-06-19,0.0086,0.0009,-0.0073,-0.0012,-0.0009,0.0,0.0079,0.0027
2017-06-20,-0.0073,-0.0044,-0.0048,-0.0022,-0.0025,0.0,0.0018,-0.0016
2017-06-21,-0.0007,-0.0023,-0.0166,-0.0022,-0.0115,0.0,0.0063,-0.0064
2017-06-22,0.0002,0.0046,-0.0041,-0.0016,-0.0004,0.0,-0.0054,-0.0034
2017-06-23,0.0024,0.0075,-0.0049,-0.0037,0.0007,0.0,-0.0008,0.0025
2017-06-26,0.0004,0.0008,0.007,0.0022,0.0019,0.0,-0.0059,0.0039
2017-06-27,-0.0085,-0.0021,0.0135,0.0033,0.0035,0.0,-0.0032,0.0035
2017-06-28,0.0101,0.008,0.0021,-0.0018,-0.0008,0.0,0.0092,0.0
2017-06-29,-0.0083,0.0005,0.0138,-0.0024,0.0036,0.0,-0.0049,-0.0042
2017-06-30,0.0014,-0.001,-0.0029,0.0021,0.0029,0.0,-0.0035,0.0034
2017-07-03,0.0023,0.0045,0.0121,-0.0057,0.0067,0.0,-0.0059,-0.0061
2017-07-05,0.0012,-0.0068,-0.0058,0.0016,-0.007,0.0,0.0144,0.0006
2017-07-06,-0.0095,-0.0044,0.0012,0.0023,-0.0001,0.0,0.0073,0.003
2017-07-07,0.0069,0.004,-0.0041,0.002,-0.0052,0.0,0.0082,0.0014
2017-07-10,0.0005,-0.0045,-0.0007,-0.0011,-0.0009,0.0,0.0041,0.0055
2017-07-11,0.0,0.0029,-0.0055,-0.0034,0.0016,0.0,0.0001,0.0015
2017-07-12,0.0072,0.0006,-0.0052,0.0011,-0.0021,0.0,0.0032,-0.0019
2017-07-13,0.0017,-0.0002,0.0039,-0.0005,0.0022,0.0,-0.0037,0.0024
2017-07-14,0.0042,-0.0022,-0.0052,0.0018,0.0001,0.0,-0.0014,0.0012
2017-07-17,0.0,0.0022,0.001,0.0016,0.0009,0.0,-0.0017,0.0022
2017-07-18,0.0004,-0.0036,-0.003,-0.0008,-0.0041,0.0,0.0046,-0.0021
2017-07-19,0.0059,0.0047,0.0003,-0.0025,0.0015,0.0,-0.0034,-0.001
2017-07-20,-0.0001,0.0005,-0.0005,0.0011,-0.0028,0.0,-0.0006,-0.0005
2017-07-21,-0.0008,-0.0043,-0.0024,0.0002,-0.0031,0.0,0.0032,0.0021
2017-07-24,-0.0003,0.001,-0.0018,-0.0025,-0.0038,0.0,0.0097,-0.0036
2017-07-25,0.0038,0.0043,0.0096,-0.0019,0.0073,0.0,-0.0068,-0.0005
2017-07-26,-0.0006,-0.0047,-0.0076,-0.0018,0.0007,0.0,-0.002,0.0031
2017-07-27,-0.0014,-0.0066,0.0044,0.0032,0.0039,0.0,-0.0108,0.0045
2017-07-28,-0.0017,-0.0006,0.0027,-0.002,0.002,0.0,0.0017,-0.0004
2017-07-31,-0.0011,-0.0025,0.0046,-0.0001,0.0011,0.0,-0.0004,0.0024
2017-08-01,0.0024,-0.0013,0.0014,0.0026,-0.0048,0.0,0.0061,-0.0007
2017-08-02,-0.0008,-0.0116,0.0015,0.0004,-0.0036,0.0,0.0064,0.0021
2017-08-03,-0.0021,-0.0035,-0.0033,0.0028,-0.0029,0.0,0.003,-0.0013
2017-08-04,0.0025,0.0037,0.004,-0.0009,0.0004,0.0,0.0002,0.0023
2017-08-07,0.0016,-0.0011,-0.0058,0.0024,-0.0036,0.0,0.0041,-0.0034
2017-08-08,-0.0023,-0.0008,0.0023,-0.0028,-0.0016,0.0,0.0057,-0.0002
2017-08-09,-0.0014,-0.008,-0.0008,0.0019,0.0007,0.0,-0.0024,-0.0019
2017-08-10,-0.0149,-0.0031,0.0026,0.0032,0.0013,0.0,-0.0047,-0.0007
2017-08-11,0.0019,0.0017,-0.0087,0.0036,-0.001,0.0,0.0001,0.0029
2017-08-14,0.0103,0.0032,0.0012,-0.0002,-0.0046,0.0,0.0111,-0.0002
2017-08-15,-0.0011,-0.0087,-0.0003,-0.0018,-0.0026,0.0,0.0062,-0.0021
2017-08-16,0.0018,-0.0014,-0.0044,0.0035,-0.0013,0.0,-0.0003,0.0012
2017-08-17,-0.016,-0.0018,-0.0017,-0.0004,0.0013,0.0,-0.005,-0.0022
2017-08-18,-0.0015,0.0011,0.0024,-0.003,-0.0002,0.0,0.0021,0.0018
2017-08-21,0.0006,-0.0027,-0.0022,0.0021,-0.0011,0.0,0.0005,-0.0032
2017-08-22,0.0107,-0.0002,-0.0024,-0.0019,0.0013,0.0,0.0046,0.0024
2017-08-23,-0.0032,0.0011,0.0041,-0.0053,0.0009,0.0,-0.0024,0.0001
2017-08-24,-0.0015,0.0058,0.0016,-0.0052,0.0011,0.0,0.0003,0.0004
2017-08-25,0.0018,0.0016,0.0056,0.0011,0.0023,0.0,-0.0044,0.0016
2017-08-28,0.0008,0.0031,-0.0074,0.0019,-0.0019,0.0,0.004,-0.0022
2017-08-29,0.001,0.0009,-0.0038,0.0001,0.0009,0.0,0.0023,-0.0019
2017-08-30,0.0053,0.0,-0.0032,0.0008,-0.0041,0.0,0.0054,-0.0005
2017-08-31,0.0062,0.0041,-0.0043,-0.0034,-0.0008,0.0,0.0003,-0.0011
2017-09-01,0.0028,0.0042,0.004,-0.0011,0.0035,0.0,-0.0039,0.0039
2017-09-05,-0.008,-0.0004,-0.0099,-0.0006,0.0054,0.0,-0.007,-0.0038
2017-09-06,0.0028,-0.0005,0.0012,-0.0037,0.0013,0.0,-0.0077,0.0015
2017-09-07,-0.0007,0.0001,-0.0091,0.0001,0.0008,0.0,0.0002,-0.0155
2017-09-08,-0.0017,0.0013,0.0038,0.0022,-0.0013,0.0,0.0046,0.0039
2017-09-11,0.0107,-0.0007,0.0064,-0.0037,-0.001,0.0,0.003,0.0048
2017-09-12,0.0042,0.0034,0.0072,0.0009,0.0019,0.0,-0.0057,0.008
2017-09-13,0.001,0.0027,0.0032,-0.0033,0.0012,0.0,-0.0059,0.0023
2017-09-14,-0.0013,-0.0006,-0.0006,-0.0036,0.0021,0.0,0.0001,-0.002
2017-09-15,0.0019,0.0025,0.0014,0.0027,-0.0002,0.0,-0.0025,0.0045
2017-09-18,0.0024,0.0041,0.0021,-0.0049,0.0022,0.0,0.0048,-0.002
2017-09-19,0.0015,-0.0021,0.004,0.0002,0.0006,0.0,0.0075,-0.0001
2017-09-20,0.0015,0.0027,0.0049,-0.0019,0.0031,0.0,-0.003,-0.0018
2017-09-21,-0.0028,0.0015,0.0037,-0.0006,-0.0007,0.0,0.0005,-0.0017
2017-09-22,0.0013,0.0044,0.0012,0.0039,0.0029,0.0,-0.0035,-0.0033
2017-09-25,-0.0026,0.0035,0.0059,-0.0022,0.0063,0.0,-0.0147,-0.0042
2017-09-26,0.0006,0.0046,0.0017,0.0058,-0.0014,0.0,-0.0006,0.001
2017-09-27,0.0063,0.0143,0.0023,-0.0028,-0.0051,0.0,0.008,-0.0021
2017-09-28,0.0013,0.0017,-0.0005,-0.0009,-0.0018,0.0,0.0048,-0.0004
2017-09-29,0.0035,-0.0014,-0.0026,-0.001,-0.0038,0.0,0.0042,0.0019
2017-10-02,0.005,0.0088,0.0013,-0.0021,0.0026,0.0,0.0002,0.001
2017-10-03,0.0026,-0.0003,-0.0005,-0.0001,-0.0008,0.0,0.0,0.0026
2017-10-04,0.0005,-0.0034,-0.0045,-0.001,0.0001,0.0,0.0022,0.006
2017-10-05,0.0055,-0.0031,0.0039,-0.0033,-0.0018,0.0,0.0,0.0009
2017-10-06,-0.0008,-0.0008,-0.0025,0.0016,-0.0034,0.0,0.0064,0.0004
2017-10-09,-0.0023,-0.0029,0.0,0.0009,-0.0014,0.0,0.0057,-0.0017
2017-10-10,0.0024,0.0002,0.0043,0.0012,0.0007,0.0,0.0,-0.0018
2017-10-11,0.0016,-0.0025,-0.0019,-0.0004,-0.0007,0.0,0.0041,-0.0009
2017-10-12,-0.0018,-0.001,-0.0052,0.0016,0.0013,0.0,0.0062,-0.0014
2017-10-13,0.0004,-0.0027,0.0012,0.0015,0.0002,0.0,-0.0003,-0.0007
2017-10-16,0.0017,-0.0026,0.0036,0.0003,-0.0009,0.0,0.0026,-0.0014
2017-10-17,0.0001,-0.0035,-0.0031,0.0041,-0.0019,0.0,-0.0021,0.0061
2017-10-18,0.0014,0.0035,0.0023,0.0029,-0.0013,0.0,0.0018,-0.0045
2017-10-19,0.0002,-0.0035,0.0016,0.0014,0.0009,0.0,-0.0022,0.0021
2017-10-20,0.0057,0.0,0.0027,0.0007,0.0004,0.0,0.0013,-0.0021
2017-10-23,-0.0045,-0.0038,0.0017,0.0027,-0.0027,0.0,0.0043,-0.0026
2017-10-24,0.002,-0.001,0.0049,-0.0001,-0.0013,0.0,0.0067,-0.0047
2017-10-25,-0.005,0.0003,0.0015,0.0027,-0.0044,0.0,-0.0009,-0.0027
2017-10-26,0.002,0.0005,0.0028,0.0009,-0.0019,0.0,0.0032,-0.0068
2017-10-27,0.0082,-0.0008,-0.0098,0.0009,-0.0129,0.0,0.0097,-0.0041
2017-10-30,-0.0046,-0.0078,-0.0005,-0.0059,-0.004,0.0,-0.0017,-0.0009
2017-10-31,0.0023,0.0077,-0.0025,-0.0013,0.0021,0.0,0.0038,0.0009
2017-11-01,0.0005,-0.008,0.0008,0.0,-0.0005,0.0,-0.0047,-0.0008
2017-11-02,0.0006,0.0001,0.0051,-0.0024,0.0034,0.0,0.0075,-0.0052
2017-11-03,0.003,-0.0054,-0.0072,-0.0016,-0.0012,0.0,0.005,-0.0033
2017-11-06,0.0006,0.0016,0.0019,-0.0065,0.0007,0.0,-0.0039,-0.0023
2017-11-07,-0.002,-0.0142,-0.004,0.0047,-0.0008,0.0,-0.0025,0.0008
2017-11-08,0.0012,-0.0005,-0.006,0.0055,-0.0003,0.0,-0.0001,-0.0023
2017-11-09,-0.0041,-0.0001,0.0022,0.0001,0.0006,0.0,-0.0082,0.001
2017-11-10,0.0001,0.0006,-0.0043,0.0023,0.0013,0.0,-0.0011,-0.0003
2017-11-13,0.0009,-0.0029,0.0009,0.0007,-0.0076,0.0,0.0084,-0.001
2017-11-14,-0.0022,-0.0006,0.0,0.0097,-0.0043,0.0,0.0093,-0.004
2017-11-15,-0.0052,0.0005,0.0023,-0.0006,0.0013,0.0,-0.0012,0.0067
2017-11-16,0.0101,0.0081,-0.0053,0.0057,0.0033,0.0,0.0018,0.0008
2017-11-17,-0.0014,0.0072,0.0027,-0.0016,0.0035,0.0,-0.0134,0.002
2017-11-20,0.0021,0.0062,0.0003,0.0024,-0.0001,0.0,0.0046,-0.0025
2017-11-21,0.0067,0.0036,-0.0033,0.0003,-0.0063,0.0,0.0094,-0.0019
2017-11-22,-0.0005,0.0008,-0.0008,-0.0026,0.0019,0.0,-0.0088,0.0015
2017-11-24,0.0021,0.0,-0.0043,0.0002,-0.0009,0.0,0.005,-0.0048
2017-11-27,-0.0006,-0.0031,0.0001,0.0061,-0.0012,0.0,0.0014,0.0026
2017-11-28,0.0106,0.0057,0.0086,0.0031,-0.0001,0.0,-0.0047,0.008
2017-11-29,0.0002,0.0034,0.0148,0.0084,0.0059,0.0,-0.0228,0.0058
2017-11-30,0.0082,-0.006,-0.0052,-0.0029,0.0005,0.0,0.0048,0.0034
2017-12-01,-0.0022,-0.0032,0.0038,-0.0039,0.0032,0.0,-0.0047,0.001
2017-12-04,-0.0011,-0.0014,0.0122,0.0101,0.0056,0.0,-0.0198,-0.0101
2017-12-05,-0.0042,-0.0047,-0.0022,0.0021,-0.0012,0.0,0.0095,0.0076
2017-12-06,-0.0009,-0.0051,-0.0052,0.004,-0.0048,0.0,0.0088,0.0034
2017-12-07,0.0042,0.0029,-0.002,-0.0026,0.001,0.0,0.007,0.0039
2017-12-08,0.0051,-0.0044,-0.0013,-0.0009,0.0008,0.0,-0.0047,0.0014
2017-12-11,0.0027,-0.0043,-0.0018,-0.0004,0.0007,0.0,-0.0029,0.0082
2017-12-12,0.0007,-0.0044,0.005,0.0004,0.001,0.0,-0.0059,-0.0053
2017-12-13,0.0002,0.0062,-0.0089,0.0026,-0.0007,0.0,0.0056,0.0042
2017-12-14,-0.0047,-0.0076,-0.0022,-0.0019,-0.0013,0.0,0.0047,0.004
2017-12-15,0.0092,0.0068,0.0004,0.0031,-0.0048,0.0,0.0026,0.0011
2017-12-18,0.0066,0.0082,0.0027,0.002,0.0016,0.0,-0.0009,-0.0047
2017-12-19,-0.003,-0.0034,-0.0024,0.0025,0.0041,0.0,-0.0006,-0.0015
2017-12-20,0.0001,0.0037,0.0006,-0.0018,0.0028,0.0,-0.0027,-0.0012
2017-12-21,0.0024,0.0031,0.0063,-0.007,0.0031,0.0,-0.0074,-0.0055
2017-12-22,-0.0007,-0.0019,-0.0021,-0.001,0.0021,0.0,0.0011,-0.0001
2017-12-26,-0.0007,0.0031,-0.0007,-0.0013,0.0061,0.0,-0.0038,-0.0048
2017-12-27,0.0005,-0.0016,-0.002,0.0007,-0.0012,0.0,0.0059,0.003
2017-12-28,0.0022,0.001,0.0005,-0.0013,-0.0019,0.0,-0.0008,0.0008
2017-12-29,-0.0057,-0.0031,0.0001,0.0016,0.0013,0.0,-0.0018,-0.0005
2018-01-02,0.0085,0.0032,-0.0021,-0.0051,0.0022,0.0001,-0.0064,-0.0024
2018-01-03,0.0059,-0.0047,-0.0019,-0.0071,-0.0007,0.0001,0.0021,0.0022
2018-01-04,0.0042,-0.0022,0.0024,-0.0003,0.003,0.0001,-0.002,0.0037
2018-01-05,0.0066,-0.0037,-0.0025,0.0039,-0.0038,0.0001,0.006,-0.001
2018-01-08,0.0019,-0.002,0.0004,-0.0006,0.0004,0.0001,0.0016,-0.0003
2018-01-09,0.0015,-0.0037,-0.0004,-0.0013,-0.0006,0.0001,0.0053,0.0007
2018-01-10,-0.0007,0.0013,0.0057,-0.0037,-0.0002,0.0001,-0.0023,-0.0017
2018-01-11,0.0086,0.0113,0.003,-0.0022,0.0047,0.0001,-0.003,-0.007
2018-01-12,0.0066,-0.0032,0.0016,-0.001,0.0013,0.0001,0.0001,-0.0042
2018-01-16,-0.0049,-0.01,0.0001,0.0049,-0.0035,0.0001,-0.0019,0.0086
2018-01-17,0.0095,-0.0005,-0.0009,-0.0008,-0.0004,0.0001,0.01,-0.0005
2018-01-18,-0.0018,-0.0044,-0.0025,0.0031,-0.003,0.0001,0.0041,-0.0004
2018-01-19,0.0057,0.0093,-0.0005,0.0009,0.0012,0.0001,0.0055,0.0007
2018-01-22,0.0077,-0.0035,-0.0016,-0.0057,0.0019,0.0001,-0.003,-0.0046
2018-01-23,0.0022,0.0007,-0.0036,-0.004,-0.0028,0.0001,0.0003,-0.0021
2018-01-24,-0.0013,-0.0075,0.0044,0.0002,0.0013,0.0001,-0.0018,0.0009
2018-01-25,0.0007,0.001,-0.0054,0.0019,-0.0018,0.0001,0.0062,-0.0016
2018-01-26,0.0111,-0.0061,-0.0051,0.0029,-0.0018,0.0001,0.006,-0.003
2018-01-29,-0.0062,-0.0003,-0.0028,0.0015,-0.0031,0.0001,-0.0011,-0.0064
2018-01-30,-0.0106,0.0013,-0.0021,0.004,-0.0036,0.0001,0.0032,0.0078
2018-01-31,-0.0007,-0.0067,0.0011,0.001,-0.0006,0.0001,0.0028,-0.0006
2018-02-01,0.0003,0.0012,0.0053,-0.0055,-0.0001,0.0001,-0.0018,-0.0006
2018-02-02,-0.0213,0.0001,-0.0029,0.0072,-0.0042,0.0001,0.0015,-0.0043
2018-02-05,-0.0403,0.0066,-0.0059,0.0019,-0.0014,0.0001,-0.0023,0.0053
2018-02-06,0.0167,-0.0048,-0.0019,0.0003,-0.0015,0.0001,0.0078,0.0092
2018-02-07,-0.0038,0.006,0.0021,0.0032,0.003,0.0001,0.0015,-0.0089
2018-02-08,-0.0367,0.008,0.0052,0.0041,0.0005,0.0001,-0.0113,0.0057
2018-02-09,0.0137,-0.0054,0.0015,0.0017,-0.0044,0.0001,0.0058,0.0008
2018-02-12,0.0136,-0.0046,-0.003,-0.0024,-0.0018,0.0001,0.0053,0.005
2018-02-13,0.0031,0.0011,-0.0024,0.0019,-0.0004,0.0001,0.0061,-0.0088
2018-02-14,0.0152,0.0029,0.0048,-0.0068,-0.0009,0.0001,0.0021,0.0013
2018-02-15,0.0122,-0.0017,-0.0063,0.0021,-0.0033,0.0001,0.0028,-0.0043
2018-02-16,0.0003,0.0036,0.0015,0.0004,0.0008,0.0001,-0.0015,0.0
2018-02-20,-0.0062,-0.003,-0.0024,-0.0027,-0.0053,0.0001,0.0031,-0.0006
2018-02-21,-0.0044,0.0082,0.0023,0.001,-0.0028,0.0001,0.0079,-0.004
2018-02-22,0.0001,-0.0005,-0.0041,0.001,0.0048,0.0001,0.0018,0.0079
2018-02-23,0.0154,-0.0037,-0.0014,-0.0017,-0.0014,0.0001,0.0004,-0.0004
2018-02-26,0.0112,-0.0047,-0.0006,-0.0018,-0.0025,0.0001,0.001,-0.001
2018-02-27,-0.0125,-0.0019,0.0003,-0.001,-0.0009,0.0001,0.0027,-0.0034
2018-02-28,-0.0111,-0.0043,-0.0031,0.0022,-0.0027,0.0001,0.0053,-0.0076
2018-03-01,-0.0119,0.0095,-0.0003,-0.0025,0.0004,0.0001,-0.0085,0.0042
2018-03-02,0.007,0.0111,-0.0048,-0.0045,-0.0039,0.0001,-0.0017,-0.0018
2018-03-05,0.0107,-0.0041,0.0022,-0.0056,0.0007,0.0001,-0.004,0.0008
2018-03-06,0.0036,0.0069,0.0013,0.0021,-0.0006,0.0001,0.0038,0.0001
2018-03-07,0.0005,0.0076,-0.0044,-0.0007,-0.0041,0.0001,0.008,-0.0036
2018-03-08,0.0037,-0.0058,-0.0035,0.0003,-0.0017,0.0001,-0.0011,0.0016
2018-03-09,0.0171,-0.0018,0.0027,-0.0024,-0.0003,0.0001,0.0063,-0.0003
2018-03-12,-0.0009,0.0044,-0.0008,-0.0031,-0.0024,0.0001,-0.0052,-0.0005
2018-03-13,-0.0067,0.0009,0.0003,0.0045,0.0005,0.0001,-0.0006,0.0056
2018-03-14,-0.0053,0.0014,-0.0057,-0.0013,-0.0043,0.0001,0.0034,-0.0026
2018-03-15,-0.0017,-0.0039,0.0031,0.0012,-0.0013,0.0001,0.0027,-0.0016
2018-03-16,0.0025,0.0047,0.0017,0.0007,0.0032,0.0001,-0.0043,0.0047
2018-03-19,-0.0137,0.0042,0.0041,0.003,0.001,0.0001,0.0046,0.0017
2018-03-20,0.0014,-0.0012,-0.0036,-0.0004,-0.0012,0.0001,0.013,-0.0081
2018-03-21,-0.0007,0.0069,0.0044,-0.0112,0.0082,0.0001,-0.0031,0.0045
2018-03-22,-0.0254,0.004,-0.0049,0.0022,0.0004,0.0001,-0.0095,-0.0044
2018-03-23,-0.021,0.001,-0.0023,0.0009,0.0075,0.0001,-0.0033,0.0024
2018-03-26,0.0267,-0.0063,0.0003,-0.0002,-0.006,0.0001,0.0128,-0.0003
2018-03-27,-0.0187,-0.0022,0.0037,0.0081,0.0055,0.0001,-0.0183,0.0044
2018-03-28,-0.0035,0.0019,0.0064,0.0077,0.0005,0.0001,-0.012,0.0076
2018-03-29,0.0141,-0.0031,-0.0022,-0.0036,-0.0015,0.0001,0.0056,0.0043
2018-04-02,-0.023,-0.0007,0.0038,0.0014,-0.001,0.0001,-0.0017,-0.0014
2018-04-03,0.0125,-0.0002,0.0018,0.0025,0.0016,0.0001,-0.0016,-0.0001
2018-04-04,0.0117,0.0034,-0.0032,0.0007,-0.0014,0.0001,0.0008,0.0058
2018-04-05,0.0075,0.0005,0.0046,0.0011,0.0026,0.0001,-0.0038,0.0011
2018-04-06,-0.0219,0.0037,-0.0006,0.0013,0.0001,0.0001,-0.0057,-0.005
2018-04-09,0.003,-0.0023,-0.0051,-0.0075,-0.0029,0.0001,0.0058,0.0037
2018-04-10,0.0177,0.0033,-0.0012,-0.0091,0.004,0.0001,0.0039,0.0101
2018-04-11,-0.0049,0.0079,-0.003,-0.0065,0.0028,0.0001,-0.0053,-0.0034
2018-04-12,0.0084,-0.0016,0.0019,-0.0022,0.0002,0.0001,0.0126,0.0084
2018-04-13,-0.0037,-0.0011,-0.0025,-0.0008,0.0018,0.0001,-0.0083,-0.0046
2018-04-16,0.0082,0.0014,-0.0002,0.0082,0.0004,0.0001,0.0,-0.0019
2018-04-17,0.0109,0.0,-0.0118,-0.0031,-0.0047,0.0001,0.0108,0.0035
2018-04-18,0.0013,0.0021,0.0002,-0.0028,0.0042,0.0001,0.0004,-0.0042
2018-04-19,-0.0049,-0.003,0.0108,-0.0048,0.001,0.0001,0.0063,0.0035
2018-04-20,-0.0081,0.0011,0.0058,-0.0055,0.003,0.0001,0.0005,-0.0006
2018-04-23,-0.0005,-0.0006,0.0019,0.003,0.0007,0.0001,-0.0029,-0.0021
2018-04-24,-0.013,0.0064,0.0102,0.0004,0.002,0.0001,-0.0103,-0.0009
2018-04-25,0.0011,-0.0028,0.0006,0.0041,0.0021,0.0001,-0.0059,-0.0026
2018-04-26,0.0095,-0.0056,-0.0085,-0.0058,-0.0051,0.0001,0.0097,-0.0004
2018-04-27,0.0001,-0.0026,0.0004,0.0053,0.0011,0.0001,0.003,-0.0005
2018-04-30,-0.0081,-0.0007,-0.0009,-0.004,-0.0003,0.0001,0.0022,0.0021
2018-05-01,0.0025,0.0025,-0.0053,-0.0002,-0.0102,0.0001,0.0043,0.0034
2018-05-02,-0.0062,0.0125,-0.0035,0.0004,-0.0004,0.0001,0.004,-0.0052
2018-05-03,-0.0025,-0.0061,-0.0015,0.0004,-0.0012,0.0001,0.0089,0.0009
2018-05-04,0.013,-0.0003,-0.002,-0.004,0.0007,0.0001,-0.004,0.0019
2018-05-07,0.0041,0.0038,-0.0033,-0.0055,-0.0032,0.0001,0.0037,-0.0039
2018-05-08,0.0007,0.005,0.0023,-0.0029,0.0008,0.0001,0.0047,-0.0032
2018-05-09,0.009,-0.0026,0.0025,-0.0092,-0.0003,0.0001,0.0021,-0.0042
2018-05-10,0.0085,-0.0038,-0.0004,0.0024,-0.0031,0.0001,-0.0016,0.0014
2018-05-11,0.0019,0.0013,-0.0038,0.0026,0.0012,0.0001,0.0015,0.0035
2018-05-14,0.0005,-0.003,0.0011,-0.0021,0.0051,0.0001,-0.0036,0.0011
2018-05-15,-0.0055,0.007,0.004,-0.0007,0.0042,0.0001,-0.001,-0.0004
2018-05-16,0.005,0.0069,-0.0025,0.0036,0.001,0.0001,-0.0003,0.001
2018-05-17,0.0001,0.0087,0.0029,-0.0038,0.003,0.0001,0.0019,0.0007
2018-05-18,-0.0023,0.0046,-0.0062,0.0014,-0.0022,0.0001,0.0063,0.0022
2018-05-21,0.0072,-0.0018,0.0044,0.0015,0.0011,0.0001,0.0024,-0.0005
2018-05-22,-0.0042,-0.0065,0.0061,-0.003,-0.0037,0.0001,-0.0023,0.0033
2018-05-23,0.0029,-0.0006,-0.0069,0.0,-0.0033,0.0001,0.004,-0.0018
2018-05-24,-0.0016,0.0034,-0.0035,0.0049,0.0009,0.0001,0.0012,-0.0002
2018-05-25,-0.0022,0.0024,-0.0039,0.0059,-0.0053,0.0001,-0.006,-0.0001
2018-05-29,-0.0103,0.0111,-0.0102,0.0017,-0.0002,0.0001,-0.001,-0.0033
2018-05-30,0.0131,0.0003,0.0036,-0.0074,0.0019,0.0001,0.0028,0.0015
2018-05-31,-0.007,0.0005,-0.0043,-0.005,-0.0017,0.0001,0.0041,-0.0001
2018-06-01,0.0106,-0.0021,-0.001,-0.0007,-0.002,0.0001,0.0059,-0.0089
2018-06-04,0.0048,0.0017,-0.0045,0.0108,-0.0032,0.0001,0.0014,-0.0014
2018-06-05,0.0016,0.0078,-0.0044,0.002,0.0008,0.0001,0.0035,-0.0029
2018-06-06,0.0086,-0.0027,0.0021,0.0001,0.0016,0.0001,0.0002,0.0021
2018-06-07,-0.0014,-0.0025,0.0093,0.0017,0.0062,0.0001,-0.0091,0.0096
2018-06-08,0.0031,0.0004,-0.004,0.0024,-0.002,0.0001,-0.001,-0.0018
2018-06-11,0.0012,0.0015,-0.0016,0.0022,0.0023,0.0001,-0.0063,-0.0018
2018-06-12,0.0023,0.0018,-0.0063,0.001,-0.0017,0.0001,0.0012,-0.0012
2018-06-13,-0.0033,0.0002,-0.002,-0.0058,-0.0018,0.0001,0.0023,-0.0003
2018-06-14,0.0028,0.002,-0.0101,-0.0002,-0.0061,0.0001,-0.002,-0.0064
2018-06-15,-0.0007,0.0011,-0.0025,0.0069,-0.0016,0.0001,-0.009,-0.006
2018-06-18,-0.0009,0.0074,0.0008,-0.0044,0.0004,0.0001,0.0078,0.0018
2018-06-19,-0.0038,0.0052,-0.0014,-0.0024,-0.0037,0.0001,-0.0067,-0.0009
2018-06-20,0.0023,0.0065,-0.0051,-0.0017,0.0009,0.0001,0.0032,-0.001
2018-06-21,-0.0073,-0.0056,0.0033,0.005,0.0009,0.0001,-0.0033,-0.0016
2018-06-22,0.0011,-0.0007,0.0046,-0.0052,0.0091,0.0001,-0.0063,0.0086
2018-06-25,-0.0148,-0.0046,0.0057,0.0065,0.0017,0.0001,-0.0114,0.0035
2018-06-26,0.0027,0.0051,-0.0024,-0.0051,0.0006,0.0001,0.0044,0.0011
2018-06-27,-0.0102,-0.0101,0.0036,-0.0007,0.0052,0.0001,-0.0034,-0.0003
2018-06-28,0.0058,-0.002,-0.0051,-0.002,-0.0058,0.0001,0.0049,0.0025
2018-06-29,0.0006,-0.0024,-0.0024,-0.0025,0.0001,0.0001,-0.0001,0.006
2018-07-02,0.0036,0.0045,-0.0025,-0.0008,-0.0054,0.0001,0.0057,0.0023
2018-07-03,-0.0044,0.0075,-0.0002,-0.0029,0.0045,0.0001,-0.0064,-0.0039
2018-07-05,0.0087,0.0039,-0.0043,0.0034,-0.0017,0.0001,-0.0032,-0.0013
2018-07-06,0.0088,-0.0002,-0.003,-0.0026,-0.0015,0.0001,0.001,-0.0016
2018-07-09,0.0093,-0.0029,0.0086,0.0001,-0.0021,0.0001,0.0048,0.0138
2018-07-10,0.0021,-0.0083,-0.0017,0.0011,0.0029,0.0001,-0.002,0.0009
2018-07-11,-0.007,-0.0006,-0.0046,-0.0013,-0.0033,0.0001,0.0002,-0.0049
2018-07-12,0.0085,-0.0044,-0.0115,-0.0003,-0.0047,0.0001,0.0054,-0.0026
2018-07-13,0.0008,-0.0018,-0.0029,0.0033,0.0018,0.0001,0.002,-0.0007
2018-07-16,-0.0016,-0.0061,0.0097,-0.0021,-0.0014,0.0001,0.0038,0.0054
2018-07-17,0.0048,0.0017,-0.0075,0.0013,-0.0023,0.0001,0.0041,0.0031
2018-07-18,0.0026,-0.0015,0.0067,-0.0017,-0.0015,0.0001,0.0038,0.0079
2018-07-19,-0.0034,0.0092,-0.0037,0.0022,0.0005,0.0001,-0.0008,-0.0018
2018-07-20,-0.001,-0.0017,0.0012,0.0009,-0.0023,0.0001,0.0026,-0.0017
2018-07-23,0.0016,-0.0019,0.0055,-0.0021,-0.002,0.0001,0.0038,0.0015
2018-07-24,0.0022,-0.0132,0.004,0.0049,0.0008,0.0001,-0.0037,-0.0032
2018-07-25,0.0083,-0.0059,-0.0105,0.0007,-0.0033,0.0001,0.0113,-0.0058
2018-07-26,-0.0021,0.0077,0.0057,-0.0004,0.006,0.0001,-0.0099,0.0067
2018-07-27,-0.0082,-0.0121,0.0107,0.0051,0.005,0.0001,-0.0133,0.0049
2018-07-30,-0.007,0.0002,0.0158,0.0031,0.0103,0.0001,-0.0143,0.0047
2018-07-31,0.0051,0.0072,-0.0111,0.0028,0.0024,0.0001,0.0008,0.0022
2018-08-01,-0.0013,-0.0001,-0.0021,-0.0017,-0.0076,0.0001,0.0111,0.0025
2018-08-02,0.0067,0.0021,-0.0065,-0.0004,-0.0056,0.0001,0.0084,0.0035
2018-08-03,0.0031,-0.0093,0.0051,0.0063,0.0037,0.0001,-0.008,0.0052
2018-08-06,0.0046,0.0024,-0.0033,-0.0031,-0.0022,0.0001,0.0037,0.0053
2018-08-07,0.0029,-0.0002,-0.0016,-0.0032,-0.0015,0.0001,0.0029,0.0002
2018-08-08,-0.0004,-0.0012,0.0028,-0.0003,-0.0007,0.0001,0.0031,-0.0017
2018-08-09,-0.0005,0.0035,-0.0036,0.0002,-0.0023,0.0001,0.001,0.0015
2018-08-10,-0.006,0.0031,-0.0021,-0.0027,0.0023,0.0001,0.0073,-0.0036
2018-08-13,-0.0046,-0.0021,-0.0029,0.0031,0.0002,0.0001,-0.0001,-0.0043
2018-08-14,0.0069,0.0032,0.0022,0.0035,0.002,0.0001,0.0039,-0.005
2018-08-15,-0.0091,-0.0051,-0.0013,0.0063,-0.0011,0.0001,-0.0111,-0.0044
2018-08-16,0.0086,-0.0003,0.0026,-0.0009,0.004,0.0001,-0.0038,-0.002
2018-08-17,0.003,0.0013,0.0001,0.0022,0.0016,0.0001,-0.0034,-0.0022
2018-08-20,0.0025,0.0015,0.0014,0.001,0.0014,0.0001,0.0015,0.0002
2018-08-21,0.0033,0.0091,0.0013,-0.0024,-0.0026,0.0001,0.0015,0.0061
2018-08-22,0.0005,0.0028,-0.0035,-0.005,-0.0027,0.0001,0.0097,0.0061
2018-08-23,-0.0019,-0.001,-0.0033,-0.0001,-0.0018,0.0001,0.0063,-0.0037
2018-08-24,0.0062,-0.0008,-0.0058,-0.0031,-0.0019,0.0001,0.0029,0.0038
2018-08-27,0.0074,-0.0061,-0.0016,-0.002,-0.0038,0.0001,0.0001,0.0073
2018-08-28,-0.0001,-0.0012,-0.0024,0.0011,-0.0005,0.0001,0.0018,-0.0026
2018-08-29,0.0056,-0.0014,-0.0058,-0.0014,-0.0028,0.0001,0.0044,-0.0037
2018-08-30,-0.0041,0.0023,-0.0041,-0.0023,-0.0012,0.0001,0.0028,-0.0039
2018-08-31,0.0008,0.0046,-0.0038,0.0016,-0.0014,0.0001,0.0028,-0.0039
2018-09-04,-0.0011,-0.0033,0.0001,-0.0005,-0.0015,0.0001,0.0072,-0.0079
2018-09-05,-0.0041,-0.0004,0.0066,0.0047,0.006,0.0001,-0.0148,0.008
2018-09-06,-0.0044,-0.0036,-0.0025,0.0043,0.0034,0.0001,0.0007,-0.0065
2018-09-07,-0.0018,0.0008,-0.0022,0.0003,0.0003,0.0001,-0.0024,-0.0042
2018-09-10,0.0023,0.0008,-0.0037,0.0008,-0.0021,0.0001,0.0003,-0.0013
2018-09-11,0.0037,-0.0035,-0.0024,-0.0012,-0.0042,0.0001,0.0082,-0.0012
2018-09-12,0.0003,-0.0012,-0.0023,0.0005,0.0055,0.0001,-0.0083,-0.001
2018-09-13,0.0045,-0.0048,-0.004,0.0005,-0.0004,0.0001,0.0018,-0.0012
2018-09-14,0.0012,0.0032,0.0026,-0.0013,-0.0004,0.0001,-0.0016,0.0005
2018-09-17,-0.0072,-0.0035,0.0084,0.0032,0.0074,0.0001,-0.0134,0.0053
2018-09-18,0.0057,0.0002,-0.0048,-0.0023,-0.0023,0.0001,0.0036,-0.0068
2018-09-19,0.0005,-0.0051,0.0129,-0.0045,-0.0004,0.0001,-0.0117,0.0073
2018-09-20,0.0077,0.0029,-0.0022,0.0006,-0.0008,0.0001,-0.002,0.0037
2018-09-21,-0.0013,-0.0043,0.003,0.0022,0.0066,0.0001,-0.0034,-0.0019
2018-09-24,-0.0031,-0.0005,-0.0089,-0.0047,-0.0028,0.0001,0.0133,0.0016
2018-09-25,-0.0005,0.0019,-0.0038,-0.0034,-0.0006,0.0001,0.0126,-0.0024
2018-09-26,-0.004,-0.0048,-0.0062,0.005,0.0012,0.0001,0.0013,-0.0013
2018-09-27,0.0027,-0.0034,-0.0055,0.001,-0.0033,0.0001,0.0022,-0.0028
2018-09-28,-0.0003,0.0034,-0.002,0.0012,0.0019,0.0001,0.0028,-0.0013
2018-10-01,0.0016,-0.0163,0.0034,-0.001,0.0003,0.0001,-0.0012,-0.0006
2018-10-02,-0.0021,-0.0093,0.0059,0.0012,0.0035,0.0001,-0.0109,-0.0008
2018-10-03,0.002,0.0089,0.0051,-0.0038,-0.0022,0.0001,0.0013,0.0069
2018-10-04,-0.0093,-0.0079,0.0159,0.0011,0.0077,0.0001,-0.0084,0.0022
2018-10-05,-0.0064,-0.004,0.0039,-0.0038,0.0042,0.0001,0.0007,0.0
2018-10-08,-0.0018,-0.0023,0.0123,0.005,0.0064,0.0001,-0.0125,-0.0003
2018-10-09,-0.0018,-0.004,0.0029,-0.0051,0.002,0.0001,0.0045,-0.0092
2018-10-10,-0.0333,0.0041,0.0109,0.0023,0.0082,0.0001,-0.0158,0.0011
2018-10-11,-0.0196,0.0037,-0.0093,0.0045,-0.0057,0.0001,0.0043,0.0123
2018-10-12,0.0139,-0.0111,-0.0174,0.0008,-0.0044,0.0001,0.0178,0.0151
2018-10-15,-0.0048,0.0099,0.0052,0.0037,0.0052,0.0001,-0.0097,-0.0009
2018-10-16,0.0225,0.0057,-0.0144,-0.0022,-0.0068,0.0001,0.01,0.0119
2018-10-17,-0.0009,-0.0061,0.0025,-0.0025,0.0016,0.0001,-0.0016,-0.0018
2018-10-18,-0.0154,-0.0052,0.0042,-0.0037,0.0037,0.0001,-0.0014,-0.0097
2018-10-19,-0.0024,-0.0126,0.0071,0.0044,0.0058,0.0001,-0.0056,-0.0075
2018-10-22,-0.0038,0.0035,-0.0126,0.0111,-0.0015,0.0001,0.0126,-0.0011
2018-10-23,-0.0062,-0.0018,-0.0041,0.001,-0.0009,0.0001,-0.0037,-0.0005
2018-10-24,-0.0333,-0.0082,0.0076,0.0033,0.0127,0.0001,-0.0041,-0.0193
2018-10-25,0.0193,0.0031,-0.006,-0.0017,-0.0108,0.0001,0.0102,0.0141
2018-10-26,-0.0165,0.006,0.0035,-0.0035,0.005,0.0001,-0.0015,-0.0034
2018-10-29,-0.0076,-0.0009,0.0161,-0.0002,0.0099,0.0001,-0.0113,-0.022
2018-10-30,0.0166,0.0046,0.0008,0.0035,0.0033,0.0001,0.0004,0.0046
2018-10-31,0.0121,-0.0071,-0.0074,-0.0039,-0.01,0.0001,0.008,0.0257
2018-11-01,0.0129,0.012,-0.0113,-0.0024,-0.0053,0.0001,-0.0098,0.0304
2018-11-02,-0.0053,0.0085,0.0067,-0.0046,0.0021,0.0001,-0.0008,-0.0036
2018-11-05,0.004,-0.0088,0.0157,-0.0051,0.0078,0.0001,-0.0013,0.0009
2018-11-06,0.0057,-0.0014,0.0003,0.0029,0.0021,0.0001,-0.0015,0.0015
2018-11-07,0.0212,-0.005,-0.0106,-0.0038,-0.008,0.0001,0.0167,0.0133
2018-11-08,-0.0028,-0.0015,0.0025,0.004,0.0032,0.0001,0.0039,-0.0084
2018-11-09,-0.0104,-0.0085,0.0041,0.0063,0.0069,0.0001,0.0004,-0.0007
2018-11-12,-0.0206,0.001,0.0084,0.0053,0.0093,0.0001,-0.002,-0.01
2018-11-13,-0.0013,-0.0005,0.0016,0.002,-0.003,0.0001,-0.0087,-0.0026
2018-11-14,-0.0078,0.0003,-0.0029,0.006,0.0012,0.0001,-0.0068,-0.0035
2018-11-15,0.0118,0.0031,-0.004,-0.0084,-0.0072,0.0001,0.0054,0.0099
2018-11-16,0.0015,-0.0002,-0.0005,-0.0077,0.002,0.0001,0.0006,-0.004
2018-11-19,-0.0188,-0.0038,0.0232,0.002,0.0123,0.0001,-0.0103,-0.012
2018-11-20,-0.0185,0.0003,-0.0054,-0.0033,-0.0027,0.0001,-0.0074,-0.0005
2018-11-21,0.0051,0.0094,-0.0033,-0.0034,-0.0001,0.0001,-0.0018,0.0129
2018-11-23,-0.0055,0.0076,-0.0061,0.003,-0.0004,0.0001,0.0006,-0.0059
2018-11-26,0.0162,-0.0069,-0.002,-0.0041,-0.0076,0.0001,0.001,0.0065
2018-11-27,0.0011,-0.0106,0.0025,0.0061,0.0012,0.0001,0.0054,-0.0034
2018-11-28,0.0242,0.003,-0.0116,0.0008,-0.0096,0.0001,0.01,0.0063
2018-11-29,-0.0022,-0.002,-0.001,-0.0048,0.0003,0.0001,0.0029,0.0045
2018-11-30,0.0079,-0.0037,-0.0044,0.0025,-0.0022,0.0001,-0.0028,-0.0078
2018-12-03,0.0113,-0.0012,-0.0079,-0.0026,-0.0059,0.0001,0.0023,0.0133
2018-12-04,-0.0346,-0.0104,-0.0022,-0.0011,0.0096,0.0001,0.0069,-0.0051
2018-12-06,-0.0016,-0.0006,-0.0106,0.0014,-0.0031,0.0001,0.0053,-0.0047
2018-12-07,-0.0236,0.0027,0.0133,-0.0048,0.0063,0.0001,-0.0055,-0.0032
2018-12-10,0.001,-0.0037,-0.0164,0.0029,-0.0029,0.0001,0.0078,-0.0043
2018-12-11,-0.0008,-0.0015,-0.004,0.0016,-0.0006,0.0001,0.0073,-0.0074
2018-12-12,0.0068,0.005,-0.0018,-0.0023,-0.001,0.0001,-0.0007,-0.0002
2018-12-13,-0.0026,-0.0155,-0.0019,0.0021,0.0007,0.0001,0.0051,-0.0049
2018-12-14,-0.0189,0.001,0.005,-0.0022,0.0062,0.0001,-0.0053,-0.0006
2018-12-17,-0.0213,-0.0011,0.0107,0.0028,0.002,0.0001,-0.0101,0.0083
2018-12-18,-0.0003,-0.0003,-0.006,0.0091,-0.0046,0.0001,0.0028,0.0014
2018-12-19,-0.0158,-0.0059,0.0003,-0.0038,0.0043,0.0001,0.0065,-0.0057
2018-12-20,-0.0162,-0.001,0.0098,0.0058,-0.0007,0.0001,-0.0053,-0.0033
2018-12-21,-0.0216,-0.0054,0.0076,0.0016,0.0065,0.0001,0.0041,-0.0006
2018-12-24,-0.0255,0.0092,-0.005,-0.0033,-0.0035,0.0001,-0.0021,0.001
2018-12-26,0.0507,-0.0019,-0.01,-0.0022,-0.0112,0.0001,0.0006,0.0097
2018-12-27,0.0078,-0.007,-0.0013,-0.0013,0.001,0.0001,0.0023,-0.005
2018-12-28,-0.0003,0.0075,0.0026,-0.0036,-0.0006,0.0001,0.0014,-0.0001
2018-12-31,0.009,-0.0013,-0.0045,-0.0009,-0.0012,0.0001,0.0063,-0.0006
2019-01-02,0.0022,0.0072,0.0112,-0.0015,0.0025,0.0001,-0.0229,0.0197
2019-01-03,-0.0245,0.0049,0.0119,-0.0023,0.0091,0.0001,-0.0074,0.0033
2019-01-04,0.0355,0.0035,-0.0069,-0.0011,-0.0061,0.0001,-0.0095,0.0163
2019-01-07,0.0094,0.0086,-0.0075,-0.0072,-0.0044,0.0001,-0.0074,0.0054
2019-01-08,0.0101,0.0044,-0.0064,0.0034,-0.0012,0.0001,0.0014,0.0023
2019-01-09,0.0052,0.005,0.0011,0.0008,-0.002,0.0001,-0.0081,0.006
2019-01-10,0.004,-0.0001,-0.0046,-0.0006,-0.0006,0.0001,-0.0039,0.0011
2019-01-11,0.0,0.002,0.0022,0.0023,0.0023,0.0001,-0.002,-0.0008
2019-01-14,-0.006,-0.0045,0.0095,0.0023,0.0,0.0001,-0.0057,-0.0016
2019-01-15,0.0105,-0.0014,-0.0088,-0.0029,-0.0059,0.0001,0.0115,0.0068
2019-01-16,0.0028,0.0026,0.0092,-0.0011,-0.0028,0.0001,-0.0075,-0.0066
2019-01-17,0.0078,0.0009,-0.0025,0.0006,-0.0002,0.0001,-0.0021,-0.0012
2019-01-18,0.013,-0.0029,0.0011,0.002,-0.0024,0.0001,-0.0083,-0.0016
2019-01-22,-0.0152,-0.0035,0.0031,0.0026,0.0035,0.0001,0.0094,0.006
2019-01-23,0.0016,-0.0041,-0.0015,0.0035,0.0027,0.0001,0.0098,0.008
2019-01-24,0.0023,0.0047,0.0,-0.0015,-0.0022,0.0001,-0.0102,-0.0052
2019-01-25,0.009,0.0041,-0.0035,-0.0036,-0.0057,0.0001,-0.0137,-0.0094
2019-01-28,-0.008,-0.0008,0.0063,0.0029,0.0017,0.0001,-0.0009,-0.0002
2019-01-29,-0.0019,0.0002,0.0018,0.0003,0.0049,0.0001,-0.0026,0.0045
2019-01-30,0.0151,-0.0035,-0.0095,-0.0022,-0.009,0.0001,0.0009,0.0009
2019-01-31,0.0091,-0.0005,-0.0109,-0.0036,-0.0002,0.0001,0.0032,0.0078
2019-02-01,0.0013,-0.0015,0.0043,-0.0078,0.0029,0.0001,-0.0054,-0.002
2019-02-04,0.0073,0.0041,-0.0047,0.0019,-0.002,0.0001,-0.0013,-0.0017
2019-02-05,0.0043,-0.0012,-0.0061,0.006,-0.0033,0.0001,0.0009,-0.0007
2019-02-06,-0.0021,-0.0002,0.0007,-0.0011,0.0006,0.0001,-0.003,-0.0035
2019-02-07,-0.0093,-0.0013,0.0038,0.0055,0.0032,0.0001,0.0069,0.0016
2019-02-08,0.001,-0.0008,-0.0069,-0.0033,-0.0011,0.0001,0.0073,-0.0024
2019-02-11,0.0014,0.0067,0.0023,-0.0009,-0.0002,0.0001,-0.0012,0.0024
2019-02-12,0.0136,0.0003,-0.0017,-0.0012,-0.0028,0.0001,-0.0051,0.0028
2019-02-13,0.0028,0.0006,0.0007,0.001,0.002,0.0001,-0.0039,0.0026
2019-02-14,-0.002,0.0051,-0.0059,0.0042,-0.0019,0.0001,0.0019,0.0014
2019-02-15,0.0113,0.0038,0.0049,-0.0022,0.0,0.0001,-0.0049,0.0051
2019-02-19,0.0019,0.0032,0.003,0.0002,0.0021,0.0001,-0.0042,0.0002
2019-02-20,0.0019,0.003,0.0055,0.0001,-0.0026,0.0001,-0.0039,-0.0012
2019-02-21,-0.0037,-0.0004,-0.0023,0.0058,0.0011,0.0001,0.0044,-0.0011
2019-02-22,0.0065,0.0039,-0.0147,0.0031,-0.0061,0.0001,0.0024,-0.0073
2019-02-25,0.0015,-0.0028,-0.0018,-0.0076,-0.0053,0.0001,-0.0063,-0.0029
2019-02-26,-0.0016,-0.0068,-0.0032,0.0009,-0.0016,0.0001,0.0021,0.0008
2019-02-27,0.001,0.0015,-0.0012,-0.0065,-0.0012,0.0001,0.0045,-0.0035
2019-02-28,-0.0031,-0.0001,-0.0026,0.0029,0.0017,0.0001,0.007,0.0015
2019-03-01,0.0072,0.0025,-0.0041,-0.0035,-0.0019,0.0001,-0.0022,-0.0002
2019-03-04,-0.0052,-0.004,0.0038,0.0014,-0.0007,0.0001,-0.0051,0.003
2019-03-05,-0.0017,-0.0032,-0.0023,0.0029,-0.0001,0.0001,0.0048,0.0005
2019-03-06,-0.0084,-0.0123,0.0005,0.0056,0.0012,0.0001,0.0076,-0.001
2019-03-07,-0.0082,-0.0005,-0.0034,-0.0037,0.0012,0.0001,0.005,-0.0018
2019-03-08,-0.0022,0.0007,-0.0017,-0.0011,-0.0026,0.0001,0.0013,-0.0012
2019-03-11,0.0149,0.0027,-0.0053,-0.0028,-0.0046,0.0001,-0.0035,-0.0016
2019-03-12,0.0025,-0.0031,-0.0009,-0.0042,0.0002,0.0001,-0.0006,-0.0012
2019-03-13,0.0067,-0.0032,0.0008,-0.0017,0.0017,0.0001,-0.0021,0.0019
2019-03-14,-0.001,-0.0038,0.0031,-0.0015,-0.0011,0.0001,0.0021,-0.001
2019-03-15,0.0048,-0.0024,-0.0024,-0.0004,-0.0019,0.0001,-0.0017,-0.0021
2019-03-18,0.0046,0.0022,0.0044,-0.0009,-0.0009,0.0001,-0.0058,0.0025
2019-03-19,-0.0009,-0.0047,-0.0092,0.0002,-0.0008,0.0001,0.0048,-0.0003
2019-03-20,-0.0037,-0.0024,-0.0106,-0.0015,-0.0026,0.0001,0.0057,-0.0053
2019-03-21,0.011,0.0016,-0.0124,0.0034,-0.0032,0.0001,-0.0002,-0.0082
2019-03-22,-0.0217,-0.0156,-0.0008,0.0056,0.0061,0.0001,0.0101,-0.003
2019-03-25,-0.0005,0.006,-0.0026,0.002,0.0005,0.0001,0.0066,0.0021
2019-03-26,0.0076,0.0023,0.0047,0.0005,0.0016,0.0001,-0.0045,0.0023
2019-03-27,-0.005,0.0017,0.005,0.0075,0.001,0.0001,-0.0037,0.0037
2019-03-28,0.004,0.0034,0.0002,-0.0013,-0.0005,0.0001,-0.0017,0.0029
2019-03-29,0.0066,-0.0028,-0.0093,0.0024,-0.0016,0.0001,-0.0004,-0.0003
2019-04-01,0.0119,-0.0019,0.0099,-0.0009,-0.0029,0.0001,-0.0095,0.0083
2019-04-02,-0.0005,-0.0018,-0.0044,-0.0039,-0.0049,0.0001,0.0024,0.0012
2019-04-03,0.0027,0.0023,-0.0039,0.0012,-0.0039,0.0001,-0.0007,0.0
2019-04-04,0.0019,0.0035,0.0093,0.0062,0.0026,0.0001,-0.0132,0.0102
2019-04-05,0.0053,0.0049,-0.0008,-0.0029,0.0011,0.0001,-0.0066,-0.0031
2019-04-08,0.0008,-0.0031,0.001,0.0027,-0.0002,0.0001,-0.0019,-0.0031
2019-04-09,-0.0065,-0.006,-0.0015,0.0014,-0.0003,0.0001,0.0098,0.0025
2019-04-10,0.0048,0.0096,-0.001,0.0008,-0.0013,0.0001,-0.0019,-0.0017
2019-04-11,0.0,-0.0027,0.004,0.0003,0.0012,0.0001,-0.0011,-0.0017
2019-04-12,0.0064,-0.0036,0.0066,0.0052,-0.0025,0.0001,-0.0109,-0.0046
2019-04-15,-0.0009,-0.0026,-0.0055,0.0036,0.0008,0.0001,0.0082,-0.0008
2019-04-16,0.0013,0.0024,0.0071,-0.0012,-0.0015,0.0001,-0.0087,-0.0028
2019-04-17,-0.0032,-0.0053,0.0083,0.011,-0.0028,0.0001,-0.0084,-0.0161
2019-04-18,0.0011,-0.0027,-0.005,0.0016,-0.002,0.0001,-0.0005,0.0014
2019-04-22,0.0011,-0.0049,-0.0056,-0.0052,-0.0019,0.0001,0.0024,0.0074
2019-04-23,0.0097,0.0066,-0.0049,-0.001,-0.0042,0.0001,0.0025,0.0048
2019-04-24,-0.0022,0.0032,-0.0008,0.0063,0.0007,0.0001,0.0039,0.0022
2019-04-25,-0.0014,-0.0079,-0.002,-0.0063,-0.0029,0.0001,0.0137,0.0094
2019-04-26,0.0053,0.0047,0.0006,-0.0008,-0.0018,0.0001,0.0013,0.0021
2019-04-29,0.0018,0.0016,0.0065,-0.0039,-0.0016,0.0001,-0.0044,-0.0016
2019-04-30,-0.0004,-0.0067,0.0028,0.001,0.0069,0.0001,0.0034,0.0052
2019-05-01,-0.0083,-0.0007,-0.0002,0.0036,-0.0004,0.0001,0.0049,-0.0032
2019-05-02,-0.0016,0.0047,-0.0027,0.0004,0.0007,0.0001,0.0048,0.0039
2019-05-03,0.0113,0.0093,-0.0026,-0.0001,-0.0037,0.0001,-0.0025,0.0034
2019-05-06,-0.0039,0.0059,-0.0041,0.0002,0.0006,0.0001,0.0028,0.0069
2019-05-07,-0.0169,-0.0027,0.005,0.0002,0.003,0.0001,0.0028,-0.0024
2019-05-08,-0.0021,-0.0021,-0.003,-0.0001,0.0017,0.0001,0.0015,0.0016
2019-05-09,-0.0028,0.0007,0.0011,-0.0036,0.0001,0.0001,0.006,-0.0056
2019-05-10,0.0035,-0.0032,0.0008,-0.0012,0.0026,0.0001,0.006,-0.0065
2019-05-13,-0.0265,-0.0068,0.0028,0.0024,0.0083,0.0001,0.0098,-0.0045
2019-05-14,0.0091,0.0034,-0.0002,-0.0056,-0.0002,0.0001,-0.0058,0.0055
2019-05-15,0.0058,-0.0009,-0.0096,0.0013,-0.0029,0.0001,0.0037,0.0041
2019-05-16,0.0091,-0.0044,-0.0032,-0.0014,-0.0024,0.0001,0.0045,-0.0031
2019-05-17,-0.0071,-0.0076,0.0029,0.0006,0.0032,0.0001,0.0047,-0.0096
2019-05-20,-0.0065,-0.001,0.0073,0.0005,0.0045,0.0001,0.0034,-0.007
2019-05-21,0.009,0.0043,-0.0034,-0.0014,-0.0017,0.0001,-0.0064,0.0077
2019-05-22,-0.004,-0.0064,-0.0061,-0.0012,0.002,0.0001,0.0133,-0.0135
2019-05-23,-0.0137,-0.0072,-0.0028,0.0033,0.0026,0.0001,0.0119,-0.0089
2019-05-24,0.0023,0.0052,0.0031,-0.005,-0.0004,0.0001,0.0006,-0.003
2019-05-28,-0.0078,0.0021,-0.0063,0.0,-0.0029,0.0001,0.0107,-0.0021
2019-05-29,-0.0071,-0.0023,0.0041,-0.0018,0.0,0.0001,-0.0041,0.0025
2019-05-30,0.0014,-0.0037,-0.0076,0.0029,-0.0004,0.0001,0.0143,-0.006
2019-05-31,-0.0137,-0.0023,-0.0011,0.0004,0.0039,0.0001,0.0058,-0.0082
2019-06-03,-0.0034,0.004,0.0168,-0.0017,0.0132,0.0001,-0.0121,0.0034
2019-06-04,0.0232,0.0051,-0.0003,0.0029,-0.0046,0.0001,-0.0113,0.0198
2019-06-05,0.007,-0.0105,-0.0097,0.0007,-0.0021,0.0001,0.0171,-0.0132
2019-06-06,0.0055,-0.0108,0.0002,0.0007,-0.0008,0.0001,0.0065,-0.0019
2019-06-07,0.0104,-0.0016,-0.0122,0.0038,-0.0065,0.0001,0.0035,0.0042
2019-06-10,0.0054,0.0,0.0006,0.0039,-0.0035,0.0001,-0.0036,0.0077
2019-06-11,-0.0012,-0.0021,0.0056,0.0047,0.002,0.0001,-0.0048,0.0084
2019-06-12,-0.002,0.003,-0.01,0.0008,0.0009,0.0001,0.0143,-0.0071
2019-06-13,0.0052,0.0067,-0.0003,-0.0013,-0.0005,0.0001,-0.0144,0.0098
2019-06-14,-0.0027,-0.0073,0.0031,0.0024,0.0014,0.0001,0.0091,-0.0063
2019-06-17,0.0015,0.0048,-0.0113,-0.0066,-0.0043,0.0001,-0.0027,0.0059
2019-06-18,0.0104,0.002,0.0034,-0.0024,-0.0018,0.0001,-0.0097,0.0065
2019-06-19,0.0032,0.0002,-0.0061,-0.0018,0.0016,0.0001,0.0079,-0.0039
2019-06-20,0.009,-0.0039,-0.0022,-0.0013,-0.0013,0.0001,-0.0038,0.0038
2019-06-21,-0.0021,-0.0047,-0.0003,-0.001,0.0002,0.0001,-0.0007,0.0028
2019-06-24,-0.0035,-0.009,0.0008,0.0063,-0.0002,0.0001,0.0074,-0.0011
2019-06-25,-0.0098,0.0042,0.0072,-0.001,0.0061,0.0001,-0.004,-0.0018
2019-06-26,-0.0007,0.0001,0.0025,0.0037,-0.0039,0.0001,-0.0193,-0.0028
2019-06-27,0.0059,0.0143,-0.0009,-0.0034,-0.0023,0.0001,-0.0004,0.0021
2019-06-28,0.0068,0.0076,0.0061,-0.0048,0.0014,0.0001,-0.0053,0.0014
2019-07-01,0.0075,-0.0059,-0.0013,-0.0014,0.0003,0.0001,0.0039,-0.0002
2019-07-02,0.0014,-0.0097,-0.0081,-0.0001,0.0,0.0001,0.0182,0.0052
2019-07-03,0.0079,-0.0014,-0.0032,-0.0035,-0.0005,0.0001,0.0021,0.0004
2019-07-05,-0.001,0.0033,0.0091,0.0013,-0.0005,0.0001,-0.0028,0.0031
2019-07-08,-0.0058,-0.0043,0.0006,0.0004,-0.0022,0.0001,0.0056,0.0017
2019-07-09,0.0019,-0.0024,-0.0043,-0.0064,-0.0025,0.0001,0.0026,-0.003
2019-07-10,0.004,-0.0026,-0.0036,0.0012,-0.0004,0.0001,-0.0011,0.0003
2019-07-11,0.0019,-0.0077,0.0004,-0.0024,-0.0054,0.0001,0.0026,-0.0005
2019-07-12,0.0053,0.0032,0.0041,0.0059,-0.0007,0.0001,-0.0093,-0.0005
2019-07-15,-0.0005,-0.0048,-0.0106,0.0013,0.0023,0.0001,0.0073,0.0036
2019-07-16,-0.0032,0.004,0.0011,0.0044,-0.0004,0.0001,0.0005,0.0018
2019-07-17,-0.0064,-0.0026,-0.0065,-0.0048,-0.0023,0.0001,0.0089,0.0009
2019-07-18,0.0035,-0.0026,0.0001,-0.0035,0.0038,0.0001,0.0029,-0.0012
2019-07-19,-0.0057,0.003,0.0086,0.0037,0.0014,0.0001,-0.0102,0.0019
2019-07-22,0.0025,-0.0056,-0.0048,-0.0019,0.0003,0.0001,0.0023,-0.0049
2019-07-23,0.0064,-0.0006,0.008,0.0066,0.0037,0.0001,-0.0078,0.001
2019-07-24,0.0066,0.0092,0.0086,-0.0007,-0.0008,0.0001,-0.0074,-0.0051
2019-07-25,-0.0063,-0.0068,-0.0011,0.0015,0.0013,0.0001,0.0154,0.0007
2019-07-26,0.0082,0.0032,-0.0019,-0.0063,-0.0033,0.0001,0.0028,-0.0041
2019-07-29,-0.0032,-0.0034,-0.0046,0.0032,0.0041,0.0001,0.0044,-0.0007
2019-07-30,-0.0017,0.0143,0.0088,-0.0017,0.0007,0.0001,-0.0137,0.0059
2019-07-31,-0.011,0.0025,0.0062,0.0018,0.005,0.0001,0.0012,0.0
2019-08-01,-0.0104,-0.0076,-0.019,-0.0054,-0.0023,0.0001,0.0253,0.0001
2019-08-02,-0.0087,-0.0025,0.0007,0.0015,0.0023,0.0001,0.0022,0.0016
2019-08-05,-0.0307,0.0006,0.0001,-0.0005,0.0031,0.0001,0.0047,-0.001
2019-08-06,0.0129,-0.0054,-0.0059,-0.0027,-0.002,0.0001,0.0106,-0.0034
2019-08-07,0.0007,-0.0011,-0.009,0.0019,-0.0017,0.0001,0.0038,-0.0045
2019-08-08,0.0197,-0.0004,-0.0025,0.0028,-0.0031,0.0001,0.002,0.0049
2019-08-09,-0.0078,-0.005,-0.0022,-0.0048,-0.0001,0.0001,0.0112,-0.0121
2019-08-12,-0.0131,0.0021,-0.0026,0.0013,0.0026,0.0001,0.0056,-0.0079
2019-08-13,0.0147,-0.0035,-0.0053,0.0034,0.0,0.0001,0.0004,0.0037
2019-08-14,-0.0295,0.0003,-0.0051,-0.0036,0.0002,0.0001,0.013,-0.0113
2019-08-15,0.0017,-0.007,-0.0052,-0.0007,-0.0048,0.0001,0.012,-0.0073
2019-08-16,0.0155,0.0064,0.006,0.0013,-0.0006,0.0001,-0.0108,0.0087
2019-08-19,0.0114,0.0004,0.0021,0.0035,0.0003,0.0001,-0.0117,0.004
2019-08-20,-0.0075,0.0018,-0.0049,0.0012,-0.0021,0.0001,0.0043,-0.0021
2019-08-21,0.0085,-0.0003,-0.003,-0.0003,-0.0001,0.0001,-0.0008,-0.001
2019-08-22,-0.001,-0.0035,0.0049,0.0021,0.0029,0.0001,-0.0003,-0.002
2019-08-23,-0.0266,-0.0061,-0.0018,-0.0061,-0.0026,0.0001,0.0095,-0.0072
2019-08-26,0.0108,-0.0004,-0.0018,0.0019,-0.0011,0.0001,0.0039,-0.0023
2019-08-27,-0.0046,-0.01,-0.0066,0.0027,0.0009,0.0001,0.0092,-0.0075
2019-08-28,0.0068,0.0063,0.0061,0.0035,0.0018,0.0001,-0.0088,0.0103
2019-08-29,0.0135,0.0041,0.0033,0.0015,-0.0012,0.0001,-0.0095,0.0106
2019-08-30,0.0003,-0.0024,0.0023,0.001,0.001,0.0001,-0.0026,0.0004
2019-09-03,-0.0086,-0.0094,0.0012,-0.0019,0.0046,0.0001,0.0055,-0.0065
2019-09-04,0.0108,-0.0014,0.0043,0.0025,-0.0006,0.0001,-0.0093,0.004
2019-09-05,0.0142,0.0054,0.007,0.004,0.0,0.0001,-0.02,0.0123
2019-09-06,-0.0002,-0.0036,0.0005,0.0015,0.0042,0.0001,-0.0038,-0.0027
2019-09-09,0.0007,0.0138,0.0305,0.0086,0.0038,0.0001,-0.0381,0.0053
2019-09-10,0.0016,0.0143,0.0111,-0.0003,0.0052,0.0001,-0.0315,-0.0024
2019-09-11,0.0087,0.0137,-0.0004,-0.0023,0.0029,0.0001,-0.0044,-0.0015
2019-09-12,0.0022,-0.0039,-0.0012,-0.0022,-0.0012,0.0001,0.0098,0.0061
2019-09-13,-0.0002,0.0019,0.0074,-0.0003,-0.0008,0.0001,-0.0068,-0.0025
2019-09-16,-0.0023,0.0089,0.0053,-0.0033,-0.0003,0.0001,-0.0189,-0.0007
2019-09-17,0.0017,-0.008,-0.0119,-0.0018,-0.0033,0.0001,0.0241,0.0168
2019-09-18,-0.0004,-0.0077,0.0006,-0.0013,0.0009,0.0001,0.0101,0.0036
2019-09-19,-0.0005,-0.0049,-0.0046,0.0005,-0.0011,0.0001,0.0055,0.0056
2019-09-20,-0.0048,0.0029,0.0015,-0.0059,0.0002,0.0001,0.0005,0.0023
2019-09-23,-0.0002,-0.0012,0.005,0.0027,0.0034,0.0001,-0.0018,-0.0006
2019-09-24,-0.01,-0.0074,0.0001,0.0018,0.0053,0.0001,0.0116,0.0057
2019-09-25,0.0069,0.0041,0.0052,0.0041,0.0003,0.0001,-0.0063,-0.0074
2019-09-26,-0.004,-0.0098,0.0013,0.0036,0.0037,0.0001,0.0079,0.0022
2019-09-27,-0.0062,-0.0016,0.0088,0.0024,0.0059,0.0001,-0.0068,-0.0068
2019-09-30,0.005,-0.0027,-0.0048,0.0061,0.0001,0.0001,0.0023,0.0032
2019-10-01,-0.0131,-0.0066,-0.0059,0.001,-0.0017,0.0001,0.0115,0.0083
2019-10-02,-0.0173,0.0077,-0.0036,-0.0046,-0.0026,0.0001,0.0082,0.0074
2019-10-03,0.008,-0.0039,-0.0089,-0.0019,-0.0023,0.0001,-0.0023,0.0074
2019-10-04,0.0139,-0.0051,-0.0007,-0.0003,0.0004,0.0001,0.0093,-0.0019
2019-10-07,-0.0041,0.0013,-0.0003,-0.0006,-0.0032,0.0001,-0.0013,-0.0002
2019-10-08,-0.0161,-0.0015,-0.0013,0.0044,0.0006,0.0001,0.0066,-0.0044
2019-10-09,0.0092,-0.0058,-0.0009,0.0012,-0.0012,0.0001,0.0041,-0.0021
2019-10-10,0.006,-0.0025,0.0025,0.0012,-0.0008,0.0001,-0.0038,0.0049
2019-10-11,0.0123,0.006,0.0018,0.0047,0.0022,0.0001,-0.0115,0.0162
2019-10-14,-0.0018,-0.0035,-0.0003,-0.0017,-0.0009,0.0001,0.0015,-0.0013
2019-10-15,0.0103,0.0025,-0.0025,-0.0023,-0.0073,0.0001,-0.0028,0.0085
2019-10-16,-0.0024,0.0048,0.0022,0.0038,0.0026,0.0001,-0.0017,-0.0025
2019-10-17,0.0037,0.0079,-0.0029,0.0011,-0.001,0.0001,-0.0015,-0.0011
2019-10-18,-0.0049,-0.0013,0.0087,-0.0008,0.0039,0.0001,0.0047,-0.0067
2019-10-21,0.0071,0.003,0.0034,0.0,0.0001,0.0001,-0.0047,0.0029
2019-10-22,-0.0034,0.0051,0.0084,0.0042,0.0034,0.0001,-0.0206,-0.0007
2019-10-23,0.0025,-0.001,0.0027,-0.0001,0.0009,0.0001,-0.0061,0.0048
2019-10-24,0.0025,-0.005,-0.0089,-0.0005,-0.0061,0.0001,0.0105,0.0042
2019-10-25,0.005,0.004,0.0007,0.0034,0.0,0.0001,-0.0081,-0.0026
2019-10-28,0.0062,0.0028,-0.0025,0.0001,0.0001,0.0001,-0.0017,-0.0044
2019-10-29,-0.0013,0.0039,0.005,-0.0006,0.001,0.0001,-0.0009,0.0059
2019-10-30,0.0028,-0.0064,-0.0115,-0.0048,0.0005,0.0001,0.0093,0.0064
2019-10-31,-0.0038,-0.0034,-0.0043,-0.0027,0.0012,0.0001,0.005,0.0029
2019-11-01,0.0107,0.0065,0.0082,-0.0018,0.0007,0.0001,-0.0185,-0.0028
2019-11-04,0.0039,0.0032,0.0135,0.006,0.0011,0.0001,-0.0259,-0.0104
2019-11-05,-0.0003,0.0038,0.0046,-0.0002,0.0001,0.0001,-0.0075,0.0029
2019-11-06,-0.0005,-0.008,0.0024,-0.0017,0.0032,0.0001,0.0101,0.0053
2019-11-07,0.0038,-0.0001,0.005,0.0009,-0.002,0.0001,-0.0116,-0.0091
2019-11-08,0.0031,-0.0001,-0.0037,-0.0013,0.0006,0.0001,-0.0016,-0.0044
2019-11-11,-0.0019,-0.0007,-0.0019,-0.0007,-0.0004,0.0001,0.008,0.0025
2019-11-12,0.0016,-0.0018,-0.0014,-0.0017,-0.002,0.0001,0.0049,0.0021
2019-11-13,0.0001,-0.0041,-0.0082,-0.0028,-0.0003,0.0001,0.0107,0.0037
2019-11-14,0.0007,-0.0015,-0.0025,0.0013,-0.0033,0.0001,0.0051,0.0025
2019-11-15,0.0074,-0.0029,-0.0033,-0.0002,0.0005,0.0001,-0.0052,-0.0015
2019-11-18,0.0003,-0.0038,-0.0051,-0.0004,-0.0022,0.0001,0.0092,-0.0022
2019-11-19,0.0002,0.0034,-0.0094,-0.0087,-0.0018,0.0001,0.0049,0.0
2019-11-20,-0.0033,-0.0013,-0.0044,-0.0056,-0.0032,0.0001,0.0,0.0008
2019-11-21,-0.0015,-0.003,0.001,0.0008,-0.0014,0.0001,-0.0095,0.0022
2019-11-22,0.0024,0.0016,0.0021,0.0017,0.0004,0.0001,-0.0102,0.0012
2019-11-25,0.0092,0.0127,-0.0038,0.001,0.0004,0.0001,-0.0034,-0.0018
2019-11-26,0.0019,-0.0009,-0.0089,0.002,-0.0016,0.0001,0.0093,0.0038
2019-11-27,0.0044,0.0022,-0.0002,0.0003,0.0,0.0001,-0.0021,0.0022
2019-11-29,-0.0042,-0.0011,-0.0031,-0.0047,0.0001,0.0001,0.0,-0.0004
2019-12-02,-0.0087,-0.0013,0.0048,0.001,0.0018,0.0001,-0.0043,0.0002
2019-12-03,-0.0066,0.0042,-0.0083,-0.005,-0.0053,0.0001,0.0053,-0.0003
2019-12-04,0.006,0.0023,0.0025,0.0016,0.0006,0.0001,-0.0033,0.0053
2019-12-05,0.0013,-0.0014,0.0046,0.0027,0.0034,0.0001,0.0058,0.0013
2019-12-06,0.0091,0.0038,0.0036,0.0033,0.0026,0.0001,-0.0075,0.0056
2019-12-09,-0.0033,0.0031,0.0012,-0.0013,-0.0026,0.0001,-0.0037,0.0011
2019-12-10,-0.0008,0.0029,-0.0009,-0.0019,0.0007,0.0001,-0.0006,-0.0022
2019-12-11,0.0028,-0.0009,0.0013,0.0034,0.0013,0.0001,0.0043,0.0011
2019-12-12,0.009,0.0014,0.0113,0.0013,0.0021,0.0001,-0.009,0.0063
2019-12-13,-0.0003,-0.0045,-0.0054,-0.0028,-0.0022,0.0001,0.0075,0.0023
2019-12-16,0.0074,-0.0004,-0.0005,-0.004,0.0014,0.0001,-0.0033,-0.003
2019-12-17,0.001,0.0048,0.0066,0.0011,-0.0004,0.0001,-0.001,-0.002
2019-12-18,-0.0005,0.0029,0.0009,0.0028,-0.0003,0.0001,-0.0031,-0.0025
2019-12-19,0.0043,-0.0015,-0.0042,-0.0025,-0.0002,0.0001,-0.0023,0.0014
2019-12-20,0.0048,-0.0028,-0.0031,-0.0001,-0.0004,0.0001,0.0022,0.0019
2019-12-23,0.001,0.0017,-0.0034,-0.0011,0.0028,0.0001,-0.0071,-0.0038
2019-12-24,0.0001,0.0037,-0.0001,-0.0028,0.0005,0.0001,0.0015,-0.0007
2019-12-26,0.0049,-0.0057,0.0,0.0025,-0.0018,0.0001,0.003,-0.0048
2019-12-27,-0.0009,-0.0055,-0.0007,0.0025,0.0015,0.0001,0.0038,0.0037
2019-12-30,-0.0057,0.0029,0.0056,0.0012,0.0042,0.0001,0.0003,-0.0032
2019-12-31,0.0028,0.0002,0.0011,-0.0012,0.0021,0.0001,-0.0047,0.0012
2020-01-02,0.0086,-0.0097,-0.0034,0.0023,-0.0022,0.0001,0.0083,-0.001
2020-01-03,-0.0067,0.0029,0.0001,-0.0014,-0.0017,0.0001,0.0,0.0026
2020-01-06,0.0036,-0.0022,-0.0055,-0.0016,-0.0031,0.0001,-0.0068,-0.0023
2020-01-07,-0.0019,-0.0004,-0.0026,-0.0013,-0.0031,0.0001,-0.0001,-0.004
2020-01-08,0.0047,-0.0018,-0.0064,-0.0021,-0.0015,0.0001,0.0094,0.0031
2020-01-09,0.0065,-0.0071,-0.0048,-0.0015,0.0007,0.0001,0.0073,-0.0023
2020-01-10,-0.0034,-0.0027,-0.0034,0.0005,-0.0007,0.0001,0.002,-0.0019
2020-01-13,0.0073,-0.001,-0.0009,0.0034,0.003,0.0001,0.0066,-0.0035
2020-01-14,-0.0006,0.0048,-0.0018,-0.0032,-0.0007,0.0001,-0.0093,0.0024
2020-01-15,0.0016,0.0026,-0.0082,-0.0007,-0.002,0.0001,0.0015,-0.0057
2020-01-16,0.0088,0.0051,-0.0011,0.0004,-0.0007,0.0001,0.0015,-0.0009
2020-01-17,0.0028,-0.0063,-0.0012,0.0022,0.0002,0.0001,0.009,-0.0035
2020-01-21,-0.0032,-0.0068,-0.0062,-0.0011,-0.0031,0.0001,0.0085,-0.0089
2020-01-22,0.0008,-0.0024,0.0,-0.0027,-0.0001,0.0001,0.0066,-0.0029
2020-01-23,0.0008,-0.0006,-0.0014,0.0028,-0.0006,0.0001,0.0032,0.0003
2020-01-24,-0.0097,-0.005,-0.0028,0.0017,-0.0003,0.0001,0.0051,-0.0076
2020-01-27,-0.0156,0.0026,-0.0041,-0.0052,0.0007,0.0001,0.0048,-0.0032
2020-01-28,0.0102,-0.0013,-0.0043,0.0017,-0.0008,0.0001,0.0088,-0.0018
2020-01-29,-0.001,-0.0043,-0.0097,0.0026,0.0017,0.0001,0.0063,-0.0079
2020-01-30,0.0034,-0.0063,0.0068,-0.0045,-0.0011,0.0001,0.0053,0.0001
2020-01-31,-0.0174,-0.0052,-0.0035,-0.0043,-0.007,0.0001,-0.0028,-0.0022
2020-02-03,0.0084,0.0037,-0.0067,-0.0068,-0.0035,0.0001,0.0033,-0.0044
2020-02-04,0.0157,-0.0013,-0.007,0.0036,-0.0013,0.0001,-0.0005,-0.0022
2020-02-05,0.0097,0.0076,0.0148,0.0095,0.0063,0.0001,-0.0173,0.0212
2020-02-06,0.0027,-0.006,-0.0084,-0.0004,-0.0035,0.0001,0.0038,-0.0098
2020-02-07,-0.0055,-0.0084,-0.0002,-0.0023,-0.0054,0.0001,0.0038,-0.0076
2020-02-10,0.0073,-0.0018,-0.009,-0.0011,-0.004,0.0001,0.0098,-0.0094
2020-02-11,0.0027,0.0034,0.0104,0.0024,0.0017,0.0001,-0.0104,0.0085
2020-02-12,0.0066,0.0015,-0.0036,0.002,-0.0002,0.0001,-0.0041,0.0037
2020-02-13,-0.0009,0.0016,0.0001,-0.0011,-0.0044,0.0001,0.0069,-0.0045
2020-02-14,0.0014,-0.0056,-0.0066,-0.0023,-0.0029,0.0001,0.0054,-0.0044
2020-02-18,-0.0019,-0.0001,-0.0064,-0.0041,-0.0064,0.0001,0.0026,-0.0045
2020-02-19,0.006,0.002,0.0003,0.0019,-0.0032,0.0001,-0.0008,0.0001
2020-02-20,-0.0035,0.0064,0.0067,0.0019,-0.0011,0.0001,-0.0056,-0.0006
2020-02-21,-0.0112,-0.0005,0.0002,-0.0021,0.0034,0.0001,-0.002,0.0023
2020-02-24,-0.0339,0.0016,0.0001,-0.0032,0.0024,0.0001,0.0059,-0.0031
2020-02-25,-0.0309,-0.0036,-0.0068,-0.0062,0.0004,0.0001,0.0077,-0.0023
2020-02-26,-0.0052,-0.0075,-0.012,-0.0047,-0.0008,0.0001,0.0119,-0.0066
2020-02-27,-0.0422,0.0071,0.0006,-0.0042,-0.0013,0.0001,-0.0016,0.0031
2020-02-28,-0.0078,0.0007,-0.008,0.0023,-0.0039,0.0001,-0.0048,0.0137
2020-03-02,0.0431,-0.0189,-0.0042,-0.0052,0.0052,0.0001,0.0192,-0.0056
2020-03-03,-0.028,0.0068,-0.0063,-0.004,0.0025,0.0001,0.0082,-0.0069
2020-03-04,0.0403,-0.0124,-0.0117,0.0007,0.0022,0.0001,0.0106,-0.0129
2020-03-05,-0.0338,-0.0015,-0.014,-0.0085,0.0011,0.0001,0.0045,-0.0275
2020-03-06,-0.0178,-0.0021,-0.0148,0.0071,0.0037,0.0001,0.0053,-0.0139
2020-03-09,-0.0779,-0.0137,-0.0475,0.0008,0.0052,0.0001,0.0361,-0.0757
2020-03-10,0.0474,-0.0238,0.0078,0.005,0.0012,0.0001,0.0036,0.0362
2020-03-11,-0.0506,-0.0104,-0.0081,0.0004,0.0015,0.0001,0.0026,-0.0285
2020-03-12,-0.0963,-0.0109,-0.0114,-0.0033,-0.0024,0.0001,0.0007,-0.0402
2020-03-13,0.0898,-0.0203,0.0294,0.0112,0.0078,0.0001,-0.0099,0.0391
2020-03-16,-0.1201,-0.0081,-0.0075,0.0053,0.0114,0.0001,-0.0226,-0.0599
2020-03-17,0.0588,0.0047,-0.0067,-0.0047,-0.0002,0.0001,0.0129,-0.0737
2020-03-18,-0.0556,-0.0458,-0.0474,0.0011,0.0018,0.0001,-0.0199,-0.0923
2020-03-19,0.0131,0.0571,0.0095,-0.0141,-0.0164,0.0001,0.0027,0.1217
2020-03-20,-0.0415,0.0021,-0.009,-0.0099,-0.0114,0.0001,-0.008,0.0402
2020-03-23,-0.0256,0.0166,-0.0326,0.0034,-0.0118,0.0001,0.0154,0.0129
2020-03-24,0.0934,-0.0024,0.0238,0.0053,0.0024,0.0001,0.0016,0.1097
2020-03-25,0.0117,-0.0018,0.0187,-0.0007,0.0008,0.0001,-0.0018,0.1004
2020-03-26,0.0603,-0.005,0.0108,-0.0065,-0.0002,0.0001,0.0043,0.0273
2020-03-27,-0.0348,-0.0111,-0.0076,-0.0111,0.008,0.0001,0.0097,-0.028
2020-03-30,0.0317,-0.0078,-0.0211,-0.0029,0.0013,0.0001,0.0189,-0.0516
2020-03-31,-0.0144,0.0151,-0.0038,0.004,-0.0009,0.0001,-0.0107,0.004
2020-04-01,-0.045,-0.0202,-0.0131,0.0029,0.0027,0.0,0.0018,-0.0442
2020-04-02,0.021,-0.0093,-0.0028,-0.0025,0.0094,0.0,-0.0097,-0.0123
2020-04-03,-0.0164,-0.0137,-0.0115,-0.0024,0.0041,0.0,-0.0026,-0.0127
2020-04-06,0.071,0.0117,0.0028,0.013,-0.0079,0.0,-0.0033,0.0667
2020-04-07,-0.0011,0.0011,0.021,0.009,-0.0037,0.0,-0.0177,0.0434
2020-04-08,0.0342,0.0086,0.0127,0.0043,-0.0026,0.0,-0.0211,0.0474
2020-04-09,0.0159,0.0247,0.0319,-0.0079,-0.001,0.0,-0.0067,0.0361
2020-04-13,-0.0092,-0.0148,-0.024,-0.0045,0.0,0.0,0.0083,-0.0112
2020-04-14,0.0303,-0.0074,-0.0315,0.0023,-0.003,0.0,0.0212,-0.0075
2020-04-15,-0.0215,-0.0199,-0.0255,-0.004,-0.003,0.0,0.0235,-0.0156
2020-04-16,0.0062,-0.0084,-0.0298,-0.0028,-0.0026,0.0,0.039,-0.0205
2020-04-17,0.0273,0.0155,0.0277,-0.0018,-0.0003,0.0,-0.0551,0.0171
2020-04-20,-0.0157,0.0037,-0.0091,-0.0174,-0.005,0.0,0.0146,-0.0108
2020-04-21,-0.0309,0.0094,0.0016,0.0029,0.0042,0.0,-0.0038,0.0075
2020-04-22,0.0231,-0.0087,-0.0166,0.0011,0.0004,0.0,0.0037,-0.0097
2020-04-23,0.0012,0.0125,0.0055,0.0053,-0.0035,0.0,-0.024,0.0083
2020-04-24,0.0143,0.0025,-0.0012,-0.0019,0.0019,0.0,0.0035,-0.0011
2020-04-27,0.0173,0.0216,0.0268,-0.0014,0.0011,0.0,-0.0234,0.0294
2020-04-28,-0.0045,0.0175,0.0286,0.0136,0.0069,0.0,-0.0334,0.0268
2020-04-29,0.0292,0.023,0.0198,0.0122,-0.0085,0.0,-0.0476,-0.0076
2020-04-30,-0.0118,-0.0209,-0.0171,0.0062,-0.0008,0.0,0.008,0.004
2020-05-01,-0.0291,-0.0089,-0.0096,-0.0031,0.004,0.0,0.0283,0.0244
2020-05-04,0.0054,-0.0013,-0.0129,-0.0074,-0.0039,0.0,0.0011,-0.0117
2020-05-05,0.0095,-0.0029,-0.0201,-0.0048,-0.0054,0.0,0.0223,-0.0059
2020-05-06,-0.0052,0.0008,-0.0272,0.0019,-0.0056,0.0,0.0221,-0.0189
2020-05-07,0.0133,0.0016,0.0041,-0.001,-0.0071,0.0,-0.0219,-0.0017
2020-05-08,0.019,0.019,0.0246,0.0083,0.0039,0.0,-0.0347,0.0147
2020-05-11,0.0006,-0.0025,-0.0379,-0.0086,-0.001,0.0,0.0251,-0.0285
2020-05-12,-0.0207,-0.0112,-0.0136,-0.0063,-0.0001,0.0,0.0093,-0.0115
2020-05-13,-0.0189,-0.0143,-0.0208,-0.0005,-0.0023,0.0,0.0316,-0.0055
2020-05-14,0.0115,-0.0107,0.0092,0.0064,0.0012,0.0,-0.0096,0.0071
2020-05-15,0.0057,0.0133,-0.0115,0.0002,-0.0076,0.0,0.0064,-0.0093
2020-05-18,0.0324,0.0268,0.0461,0.0164,0.0029,0.0,-0.0628,0.0292
2020-05-19,-0.0101,-0.0078,-0.0151,0.0053,-0.0071,0.0,0.0111,-0.0103
2020-05-20,0.018,0.0122,0.0131,-0.0028,-0.0033,0.0,-0.0148,-0.0022
2020-05-21,-0.0071,0.0074,0.0042,0.0013,0.0003,0.0,-0.0124,-0.0022
2020-05-22,0.0027,0.0025,-0.0085,-0.0056,-0.0038,0.0,0.0082,-0.0071
2020-05-26,0.0123,0.0127,0.0454,0.0099,0.0053,0.0,-0.0481,0.0097
2020-05-27,0.0154,0.0146,0.0359,0.0074,0.0044,0.0,-0.0254,0.011
2020-05-28,-0.0041,-0.0209,-0.0241,-0.0025,0.0004,0.0,0.0221,0.0178
2020-05-29,0.0059,-0.0081,-0.0198,-0.0032,-0.0047,0.0,0.0238,-0.0104
2020-06-01,0.0051,0.0026,0.0043,0.0001,-0.0022,0.0,-0.0198,-0.0015
2020-06-02,0.0081,0.0006,0.0055,0.0011,0.0029,0.0,-0.0133,-0.0049
2020-06-03,0.0141,0.0078,0.0262,0.0071,0.0022,0.0,-0.0482,-0.002
2020-06-04,-0.0034,0.0053,0.029,0.0099,0.0063,0.0,-0.0343,-0.0097
2020-06-05,0.025,0.0108,0.0275,0.007,0.0008,0.0,-0.0517,-0.0158
2020-06-08,0.0135,0.0069,0.0207,-0.0048,0.0058,0.0,-0.0504,-0.0245
2020-06-09,-0.0086,-0.008,-0.0192,-0.0002,-0.0047,0.0,0.043,0.0357
2020-06-10,-0.0055,-0.0182,-0.041,-0.0031,-0.0033,0.0,0.0598,0.0506
2020-06-11,-0.0591,-0.0149,-0.0303,-0.002,-0.0024,0.0,0.0511,0.0434
2020-06-12,0.0129,0.008,0.0182,0.0013,0.0002,0.0,-0.0394,-0.0235
2020-06-15,0.0108,0.0143,-0.0038,-0.0077,-0.0029,0.0,0.0067,-0.0025
2020-06-16,0.0188,0.0061,0.0049,0.0063,0.002,0.0,-0.0091,-0.0087
2020-06-17,-0.0041,-0.0135,-0.0197,-0.0056,-0.0024,0.0,0.0289,0.0099
2020-06-18,0.0018,0.0001,-0.0053,-0.004,-0.0023,0.0,-0.001,-0.0006
2020-06-19,-0.0045,-0.0015,-0.0067,-0.0071,-0.0029,0.0,0.012,0.0055
2020-06-22,0.0071,0.0047,-0.0136,-0.0038,-0.0036,0.0,0.0148,0.0027
2020-06-23,0.0041,0.0021,-0.006,0.0059,-0.0012,0.0,0.0029,-0.0009
2020-06-24,-0.0262,-0.007,-0.0136,-0.0006,0.0031,0.0,0.0301,-0.0025
2020-06-25,0.0113,0.0034,0.005,-0.0082,0.0017,0.0,-0.0051,-0.0021
2020-06-26,-0.0243,-0.0019,-0.0139,0.0002,0.0072,0.0,0.0128,0.0067
2020-06-29,0.015,0.0148,0.0186,0.0149,0.0039,0.0,-0.026,0.0183
2020-06-30,0.0158,-0.0001,-0.0001,-0.0039,-0.0027,0.0,0.012,-0.0026
2020-07-01,0.0041,-0.017,-0.0257,-0.0041,-0.0122,0.0,0.0205,0.0011
2020-07-02,0.0051,0.0001,-0.0014,0.0042,0.0014,0.0,0.0018,0.0001
2020-07-06,0.0166,-0.0067,0.0035,0.0027,0.0004,0.0,-0.0007,-0.0014
2020-07-07,-0.0101,-0.0098,-0.015,-0.0111,-0.0008,0.0,0.0263,-0.0285
2020-07-08,0.0089,0.0008,-0.0046,-0.0042,-0.0029,0.0,0.0074,-0.0071
2020-07-09,-0.0054,-0.0157,-0.0261,-0.0033,-0.0055,0.0,0.03,-0.0339
2020-07-10,0.0111,0.0067,0.0306,0.0086,0.0019,0.0,-0.027,0.031
2020-07-13,-0.0119,-0.0027,0.0204,0.0106,0.0114,0.0,-0.0131,0.0181
2020-07-14,0.0136,0.0039,-0.0029,-0.0002,0.0047,0.0,0.0072,-0.0084
2020-07-15,0.0114,0.0273,0.0126,0.0018,0.0007,0.0,-0.0347,0.0335
2020-07-16,-0.0038,-0.0016,0.0081,0.0024,0.0034,0.0,0.0042,0.0011
2020-07-17,0.003,-0.0016,-0.0143,-0.0109,0.0001,0.0,0.0184,-0.0092
2020-07-20,0.0103,-0.0111,-0.0238,-0.0083,-0.0125,0.0,0.0297,-0.0208
2020-07-21,0.0015,0.0147,0.0328,0.0053,0.0089,0.0,-0.0373,0.0308
2020-07-22,0.005,-0.0064,-0.0037,0.0049,0.0002,0.0,0.0057,-0.0058
2020-07-23,-0.012,0.0122,0.0198,-0.0021,0.0017,0.0,-0.0182,0.0033
2020-07-24,-0.0074,-0.008,0.0045,0.0027,0.0002,0.0,0.0,-0.0016
2020-07-27,0.0088,0.0029,-0.0202,-0.0019,0.001,0.0,0.0225,-0.0094
2020-07-28,-0.0081,-0.0046,0.0101,0.0029,0.0011,0.0,-0.0083,0.0094
2020-07-29,0.0136,0.0064,0.009,0.0024,0.0016,0.0,-0.0085,-0.0051
2020-07-30,-0.0029,-0.0001,-0.0184,-0.0057,-0.0016,0.0,0.0248,-0.0068
2020-07-31,0.0062,-0.0183,-0.0066,0.0077,0.0065,0.0,0.0115,0.001
2020-08-03,0.0097,0.0109,-0.0083,-0.0027,0.0036,0.0,0.0178,0.0009
2020-08-04,0.0037,0.0044,0.0006,0.0012,0.0009,0.0,-0.0093,-0.0021
2020-08-05,0.0078,0.0124,0.0082,0.0019,-0.0013,0.0,-0.0127,-0.0041
2020-08-06,0.0053,-0.0059,-0.0085,0.0057,0.0005,0.0,0.004,-0.0008
2020-08-07,0.0002,0.0158,0.024,0.0052,0.002,0.0,-0.0208,0.0024
2020-08-10,0.0023,0.0132,0.0173,0.0084,0.0123,0.0,-0.0278,-0.0043
2020-08-11,-0.0083,0.002,0.0161,0.009,0.0003,0.0,-0.0218,0.0089
